date,空中,聯合演訓,艦通過,航母活動,與那國,宮古,大禹,對馬,進,出,艦型,備考,pla_aircraft_sorties,plan_vessel_sorties,remark
2015/3/30,,,,,,,,,,,,,1,,FALSE
2015/5/21,,,,,,,,,,,,,2,,FALSE
2015/6/10,,,,,,,,,,,,,2,,TRUE
2015/7/29,,,,,,,,,,,,,3,,TRUE
2015/7/30,,,,,,,,,,,,,3,,TRUE
2015/8/14,,,,,,,,,,,,,2,,TRUE
2015/11/27,,,,,,,,,,,,,6,,FALSE
2016/8/18,,,,,,,,,,,,,2,,TRUE
2016/8/19,,,,,,,,,,,,,2,,TRUE
2016/9/12,,,,,,,,,,,,,4,,FALSE
2016/9/25,,,,,,,,,,,,,8,,FALSE
2016/10/27,,,,,,,,,,,,,2,,TRUE
2016/11/25,,,,,,,,,,,,,6,,FALSE
2016/12/10,,,,,,,,,,,,,6,,FALSE
2017/1/9,,,,,,,,,,,,,3,,TRUE
2017/3/2,,,,,,,,,,,,,13,,FALSE
2017/7/13,,,,,,,,,,,,,6,,FALSE
2017/7/20,,,,,,,,,,,,,10,,FALSE
2017/7/24,,,,,,,,,,,,,4,,FALSE
2017/7/25,,,,,,,,,,,,,1,,TRUE
2017/8/5,,,,,,,,,,,,,2,,TRUE
2017/8/9,,,,,,,,,,,,,1,,FALSE
2017/8/12,,,,,,,,,,,,,3,,FALSE
2017/8/13,,,,,,,,,,,,,2,,TRUE
2017/8/14,,,,,,,,,,,,,1,,TRUE
2017/8/24,,,,,,,,,,,,,6,,TRUE
2017/11/11,,,,,,,,,,,,,5,,FALSE
2017/11/18,,,,,,,,,,,,,1,,FALSE
2017/11/19,,,,,,,,,,,,,6,,TRUE
2017/11/22,,,,,,,,,,,,,14,,FALSE
2017/11/23,,,,,,,,,,,,,7,,FALSE
2017/12/7,,,,,,,,,,,,,5,,TRUE
2017/12/9,,,,,,,,,,,,,6,,TRUE
2017/12/11,,,,,,,,,,,,,7,,FALSE
2017/12/17,,,,,,,,,,,,,2,,TRUE
2017/12/18,,,,,,,,,,,,,6,,FALSE
2017/12/20,,,,,,,,,,,,,6,,FALSE
2018/2/21,,,,,,,,,,,,,14,,FALSE
2018/3/23,,,,,,,,,,,,,8,,FALSE
2018/3/26,,,,,,,,,,,,,3,,TRUE
2018/4/18,,,,,,,,,,,,,2,,FALSE
2018/4/19,,,,,,,,,,,,,5,,TRUE
2018/4/20,,,,,,,,,,,,,2,,TRUE
2018/4/26,,,,,,,,,,,,,5,,FALSE
2018/5/11,,,,,,,,,,,,,9,,FALSE
2018/5/14,,,,,,,,,,,,,1,,TRUE
2018/5/17,,,,,,,,,,,,,1,,TRUE
2018/5/24,,,,,,,,,,,,,1,,TRUE
2018/5/25,,,,,,,,,,,,,1,,FALSE
2018/6/4,,,,,,,,,,,,,1,,TRUE
2018/12/18,,,,,,,,,,,,,4,,FALSE
2019/1/22,,,,,,,,,,,,,2,,TRUE
2019/1/24,,,,,,,,,,,,,2,,TRUE
2019/3/30,,,,,,,,,,,,,5,,TRUE
2019/3/31,,,,,,,,,,,,,6,,FALSE
2019/4/15,,,,,,,,,,,,,7,,FALSE
2019/5/29,,,,,,,,,,,,,1,,TRUE
2019/7/23,,,,,,,,,,,,,2,,FALSE
2020/1/20,,,,,,,,,,,,,1,,FALSE
2020/1/23,,,,,,,,,,,,,2,,TRUE
2020/2/9,,,,,,,,,,,,,6,,FALSE
2020/2/10,,,,,,,,,,,,,2,,TRUE
2020/2/28,,,,,,,,,,,,,1,,TRUE
2020/3/16,,,,,,,,,,,,,2,,FALSE
2020/4/10,,,,,,,,,,,,,3,,TRUE
2020/5/8,,,,,,,,,,,,,2,,TRUE
2020/5/11,,,,,,,,,,,,,2,,TRUE
2020/5/12,,,,,,,,,,,,,1,,TRUE
2020/5/14,,,,,,,,,,,,,1,,TRUE
2020/5/15,,,,,,,,,,,,,2,,TRUE
2020/5/17,,,,,,,,,,,,,1,,TRUE
2020/5/19,,,,,,,,,,,,,1,,TRUE
2020/6/9,,,,,,,,,,,,,1,,TRUE
2020/6/12,,,,,,,,,,,,,1,,TRUE
2020/6/16,,,,,,,,,,,,,1,,TRUE
2020/6/17,,,,,,,,,,,,,1,,TRUE
2020/6/18,,,,,,,,,,,,,1,,TRUE
2020/6/19,,,,,,,,,,,,,1,,TRUE
2020/6/21,,,,,,,,,,,,,1,,TRUE
2020/6/22,,,,,,,,,,,,,2,,TRUE
2020/6/24,,,,,,,,,,,,,1,,TRUE
2020/6/26,,,,,,,,,,,,,2,,TRUE
2020/6/28,,,,,,,,,,,,,2,,TRUE
2020/7/16,,,,,,,,,,,,,1,,FALSE
2020/7/17,,,,,,,,,,,,,1,,TRUE
2020/7/24,,,,,,,,,,,,,1,,TRUE
2020/8/10,,,,,,,,,,,,,2,,FALSE
2020/8/20,,,,,,,,,,,,,1,,TRUE
2020/8/30,,,,,,,,,,,,,1,,FALSE
2020/9/9,,,,,,,,,,,,,30,,FALSE
2020/9/10,,,,,,,,,,,,,30,,TRUE
2020/9/13,,,,,,,,,,,,,1,,TRUE
2020/9/16,,,,,,,,,,,,,2,,FALSE
2020/9/18,,,,,,,,,,,,,18,,FALSE
2020/9/19,,,,,,,,,,,,,19,,TRUE
2020/9/21,,,,,,,,,,,,,2,,TRUE
2020/9/22,,,,,,,,,,,,,2,,TRUE
2020/9/23,,,,,,,,,,,,,2,,TRUE
2020/9/24,,,,,,,,,,,,,1,,TRUE
2020/9/25,,,,,,,,,,,,,1,,TRUE
2020/9/29,,,,,,,,,,,,,2,,TRUE
2020/10/1,,,,,,,,,,,,,1,,TRUE
2020/10/3,,,,,,,,,,,,,1,,TRUE
2020/10/4,,,,,,,,,,,,,1,,TRUE
2020/10/6,,,,,,,,,,,,,1,,TRUE
2020/10/7,,,,,,,,,,,,,1,,TRUE
2020/10/8,,,,,,,,,,,,,1,,TRUE
2020/10/9,,,,,,,,,,,,,2,,TRUE
2020/10/10,,,,,,,,,,,,,1,,TRUE
2020/10/11,,,,,,,,,,,,,1,,TRUE
2020/10/15,,,,,,,,,,,,,1,,TRUE
2020/10/16,,,,,,,,,,,,,1,,TRUE
2020/10/17,,,,,,,,,,,,,1,,TRUE
2020/10/20,,,,,,,,,,,,,3,,TRUE
2020/10/21,,,,,,,,,,,,,1,,TRUE
2020/10/22,,,,,,,,,,,,,1,,TRUE
2020/10/25,,,,,,,,,,,,,1,,TRUE
2020/10/26,,,,,,,,,,,,,1,,TRUE
2020/10/27,,,,,,,,,,,,,1,,TRUE
2020/10/28,,,,,,,,,,,,,1,,TRUE
2020/10/29,,,,,,,,,,,,,1,,TRUE
2020/10/30,,,,,,,,,,,,,3,,TRUE
2020/10/31,,,,,,,,,,,,,1,,TRUE
2020/11/1,,,,,,,,,,,,,1,,TRUE
2020/11/2,,,,,,,,,,,,,8,,TRUE
2020/11/3,,,,,,,,,,,,,1,,TRUE
2020/11/4,,,,,,,,,,,,,1,,TRUE
2020/11/5,,,,,,,,,,,,,3,,TRUE
2020/11/6,,,,,,,,,,,,,1,,TRUE
2020/11/10,,,,,,,,,,,,,1,,TRUE
2020/11/11,,,,,,,,,,,,,2,,TRUE
2020/11/12,,,,,,,,,,,,,1,,TRUE
2020/11/14,,,,,,,,,,,,,1,,TRUE
2020/11/15,,,,,,,,,,,,,2,,TRUE
2020/11/16,,,,,,,,,,,,,2,,TRUE
2020/11/17,,,,,,,,,,,,,2,,TRUE
2020/11/18,,,,,,,,,,,,,3,,TRUE
2020/11/21,,,,,,,,,,,,,2,,TRUE
2020/11/22,,,,,,,,,,,,,1,,TRUE
2020/11/23,,,,,,,,,,,,,1,,TRUE
2020/11/24,,,,,,,,,,,,,2,,TRUE
2020/11/25,,,,,,,,,,,,,1,,TRUE
2020/11/28,,,,,,,,,,,,,2,,TRUE
2020/11/29,,,,,,,,,,,,,1,,TRUE
2020/11/30,,,,,,,,,,,,,2,,TRUE
2020/12/1,,,,,,,,,,,,,1,,TRUE
2020/12/2,,,,,,,,,,,,,1,,TRUE
2020/12/4,,,,,,,,,,,,,3,,TRUE
2020/12/5,,,,,,,,,,,,,2,,TRUE
2020/12/6,,,,,,,,,,,,,1,,TRUE
2020/12/7,,,,,,,,,,,,,1,,TRUE
2020/12/9,,,,,,,,,,,,,2,,TRUE
2020/12/10,,,,,,,,,,,,,1,,TRUE
2020/12/12,,,,,,,,,,,,,1,,TRUE
2020/12/15,,,,,,,,,,,,,1,,TRUE
2020/12/15,,,,,,,,,,,,,1,,TRUE
2020/12/16,,,,,,,,,,,,,4,,TRUE
2020/12/20,,,,,,,,,,,,,2,,TRUE
2020/12/21,,,,,,,,,,,,,2,,TRUE
2020/12/22,,,,,,,,,,,,,2,,TRUE
2020/12/24,,,,,,,,,,,,,2,,TRUE
2020/12/25,,,,,,,,,,,,,2,,TRUE
2020/12/26,,,,,,,,,,,,,1,,TRUE
2020/12/28,,,,,,,,,,,,,1,,FALSE
2020/12/29,,,,,,,,,,,,,1,,FALSE
2021/1/2,,,,,,,,,,,,,1,,TRUE
2021/1/3,,,,,,,,,,,,,1,,TRUE
2021/1/4,,,,,,,,,,,,,4,,TRUE
2021/1/5,,,,,,,,,,,,,1,,TRUE
2021/1/6,,,,,,,,,,,,,2,,TRUE
2021/1/7,,,,,,,,,,,,,1,,TRUE
2021/1/9,,,,,,,,,,,,,1,,TRUE
2021/1/11,,,,,,,,,,,,,1,,TRUE
2021/1/12,,,,,,,,,,,,,3,,TRUE
2021/1/13,,,,,,,,,,,,,1,,TRUE
2021/1/14,,,,,,,,,,,,,2,,TRUE
2021/1/15,,,,,,,,,,,,,1,,TRUE
2021/1/16,,,,,,,,,,,,,1,,TRUE
2021/1/17,,,,,,,,,,,,,1,,TRUE
2021/1/18,,,,,,,,,,,,,3,,TRUE
2021/1/19,,,,,,,,,,,,,2,,TRUE
2021/1/20,,,,,,,,,,,,,1,,TRUE
2021/1/22,,,,,,,,,,,,,1,,TRUE
2021/1/23,,,,,,,,,,,,,13,,TRUE
2021/1/24,,,,,,,,,,,,,15,,FALSE
2021/1/25,,,,,,,,,,,,,1,,TRUE
2021/1/26,,,,,,,,,,,,,4,,TRUE
2021/1/27,,,,,,,,,,,,,3,,TRUE
2021/1/28,,,,,,,,,,,,,2,,TRUE
2021/1/29,,,,,,,,,,,,,2,,TRUE
2021/1/30,,,,,,,,,,,,,1,,TRUE
2021/1/31,,,,,,,,,,,,,7,,TRUE
2021/2/1,,,,,,,,,,,,,1,,TRUE
2021/2/2,,,,,,,,,,,,,1,,TRUE
2021/2/4,,,,,,,,,,,,,2,,TRUE
2021/2/5,,,,,,,,,,,,,1,,TRUE
2021/2/6,,,,,,,,,,,,,1,,TRUE
2021/2/7,,,,,,,,,,,,,2,,TRUE
2021/2/8,,,,,,,,,,,,,2,,TRUE
2021/2/13,,,,,,,,,,,,,2,,TRUE
2021/2/15,,,,,,,,,,,,,1,,TRUE
2021/2/16,,,,,,,,,,,,,1,,TRUE
2021/2/17,,,,,,,,,,,,,2,,TRUE
2021/2/18,,,,,,,,,,,,,1,,TRUE
2021/2/19,,,,,,,,,,,,,9,,FALSE
2021/2/20,,,,,,,,,,,,,11,,TRUE
2021/2/22,,,,,,,,,,,,,1,,TRUE
2021/2/23,,,,,,,,,,,,,1,,TRUE
2021/2/28,,,,,,,,,,,,,1,,TRUE
2021/3/1,,,,,,,,,,,,,1,,TRUE
2021/3/2,,,,,,,,,,,,,1,,TRUE
2021/3/3,,,,,,,,,,,,,2,,TRUE
2021/3/8,,,,,,,,,,,,,2,,TRUE
2021/3/10,,,,,,,,,,,,,1,,TRUE
2021/3/11,,,,,,,,,,,,,1,,TRUE
2021/3/12,,,,,,,,,,,,,1,,TRUE
2021/3/14,,,,,,,,,,,,,1,,TRUE
2021/3/15,,,,,,,,,,,,,2,,TRUE
2021/3/16,,,,,,,,,,,,,1,,TRUE
2021/3/17,,,,,,,,,,,,,1,,TRUE
2021/3/20,,,,,,,,,,,,,1,,TRUE
2021/3/24,,,,,,,,,,,,,3,,TRUE
2021/3/25,,,,,,,,,,,,,3,,TRUE
2021/3/26,,,,,,,,,,,,,20,,FALSE
2021/3/27,,,,,,,,,,,,,1,,TRUE
2021/3/29,,,,,,,,,,,,,11,,FALSE
2021/3/30,,,,,,,,,,,,,1,,TRUE
2021/4/3,,,,,,,,,,,,,1,,TRUE
2021/4/4,,,,,,,,,,,,,1,,TRUE
2021/4/5,,,,,,,,,,,,,10,,TRUE
2021/4/6,,,,,,,,,,,,,5,,TRUE
2021/4/7,,,,,,,,,,,,,16,,TRUE
2021/4/8,,,,,,,,,,,,,2,,TRUE
2021/4/9,,,,,,,,,,,,,11,,TRUE
2021/4/10,,,,,,,,,,,,,3,,TRUE
2021/4/11,,,,,,,,,,,,,1,,TRUE
2021/4/12,,,,,,,,,,,,,25,,FALSE
2021/4/13,,,,,,,,,,,,,5,,TRUE
2021/4/15,,,,,,,,,,,,,2,,TRUE
2021/4/16,,,,,,,,,,,,,1,,TRUE
2021/4/17,,,,,,,,,,,,,1,,TRUE
2021/4/18,,,,,,,,,,,,,2,,TRUE
2021/4/19,,,,,,,,,,,,,1,,TRUE
2021/4/20,,,,,,,,,,,,,6,,TRUE
2021/4/21,,,,,,,,,,,,,2,,TRUE
2021/4/24,,,,,,,,,,,,,1,,TRUE
2021/4/25,,,,,,,,,,,,,1,,TRUE
2021/4/26,,,,,,,,,,,,,2,,FALSE
2021/4/30,,,,,,,,,,,,,7,,FALSE
2021/5/2,,,,,,,,,,,,,2,,TRUE
2021/5/4,,,,,,,,,,,,,2,,TRUE
2021/5/6,,,,,,,,,,,,,1,,TRUE
2021/5/7,,,,,,,,,,,,,1,,TRUE
2021/5/8,,,,,,,,,,,,,2,,TRUE
2021/5/20,,,,,,,,,,,,,4,,TRUE
2021/5/21,,,,,,,,,,,,,4,,TRUE
2021/5/22,,,,,,,,,,,,,4,,TRUE
2021/5/23,,,,,,,,,,,,,2,,TRUE
2021/5/24,,,,,,,,,,,,,2,,TRUE
2021/5/26,,,,,,,,,,,,,1,,TRUE
2021/5/28,,,,,,,,,,,,,1,,TRUE
2021/6/3,,,,,,,,,,,,,1,,TRUE
2021/6/4,,,,,,,,,,,,,1,,TRUE
2021/6/14,,,,,,,,,,,,,1,,TRUE
2021/6/15,,,,,,,,,,,,,28,,FALSE
2021/6/16,,,,,,,,,,,,,1,,TRUE
2021/6/17,,,,,,,,,,,,,7,,TRUE
2021/6/18,,,,,,,,,,,,,1,,TRUE
2021/6/19,,,,,,,,,,,,,1,,TRUE
2021/6/20,,,,,,,,,,,,,1,,TRUE
2021/6/26,,,,,,,,,,,,,1,,TRUE
2021/7/2,,,,,,,,,,,,,2,,TRUE
2021/7/3,,,,,,,,,,,,,1,,TRUE
2021/7/4,,,,,,,,,,,,,1,,TRUE
2021/7/7,,,,,,,,,,,,,1,,TRUE
2021/7/8,,,,,,,,,,,,,1,,TRUE
2021/7/12,,,,,,,,,,,,,2,,TRUE
2021/7/13,,,,,,,,,,,,,2,,TRUE
2021/7/14,,,,,,,,,,,,,1,,TRUE
2021/7/15,,,,,,,,,,,,,1,,TRUE
2021/7/21,,,,,,,,,,,,,1,,TRUE
2021/7/22,,,,,,,,,,,,,1,,TRUE
2021/7/25,,,,,,,,,,,,,1,,TRUE
2021/7/25,,,,,,,,,,,,,1,,TRUE
2021/7/27,,,,,,,,,,,,,1,,TRUE
2021/7/28,,,,,,,,,,,,,1,,TRUE
2021/8/8,,,,,,,,,,,,,1,,TRUE
2021/8/11,,,,,,,,,,,,,1,,TRUE
2021/8/12,,,,,,,,,,,,,7,,TRUE
2021/8/15,,,,,,,,,,,,,1,,TRUE
2021/8/16,,,,,,,,,,,,,1,,TRUE
2021/8/17,,,,,,,,,,,,,11,,FALSE
2021/8/19,,,,,,,,,,,,,1,,TRUE
2021/8/22,,,,,,,,,,,,,1,,TRUE
2021/8/23,,,,,,,,,,,,,2,,TRUE
2021/8/25,,,,,,,,,,,,,1,,TRUE
2021/8/26,,,,,,,,,,,,,2,,FALSE
2021/8/27,,,,,,,,,,,,,2,,TRUE
2021/8/29,,,,,,,,,,,,,1,,TRUE
2021/8/30,,,,,,,,,,,,,1,,TRUE
2021/9/1,,,,,,,,,,,,,1,,TRUE
2021/9/3,,,,,,,,,,,,,4,,TRUE
2021/9/4,,,,,,,,,,,,,4,,TRUE
2021/9/5,,,,,,,,,,,,,19,,TRUE
2021/9/6,,,,,,,,,,,,,2,,TRUE
2021/9/7,,,,,,,,,,,,,1,,TRUE
2021/9/8,,,,,,,,,,,,,4,,TRUE
2021/9/9,,,,,,,,,,,,,1,,TRUE
2021/9/10,,,,,,,,,,,,,1,,TRUE
2021/9/12,,,,,,,,,,,,,1,,TRUE
2021/9/13,,,,,,,,,,,,,1,,TRUE
2021/9/14,,,,,,,,,,,,,2,,TRUE
2021/9/15,,,,,,,,,,,,,9,,TRUE
2021/9/16,,,,,,,,,,,,,3,,TRUE
2021/9/17,,,,,,,,,,,,,10,,TRUE
2021/9/19,,,,,,,,,,,,,4,,TRUE
2021/9/20,,,,,,,,,,,,,1,,TRUE
2021/9/22,,,,,,,,,,,,,2,,TRUE
2021/9/23,,,,,,,,,,,,,5,,TRUE
2021/9/24,,,,,,,,,,,,,3,,TRUE
2021/9/25,,,,,,,,,,,,,1,,TRUE
2021/9/26,,,,,,,,,,,,,2,,TRUE
2021/9/27,,,,,,,,,,,,,6,,TRUE
2021/9/28,,,,,,,,,,,,,2,,TRUE
2021/9/29,,,,,,,,,,,,,5,,TRUE
2021/9/30,,,,,,,,,,,,,1,,TRUE
2021/10/1,,,,,,,,,,,,,38,,FALSE
2021/10/2,,,,,,,,,,,,,39,,TRUE
2021/10/3,,,,,,,,,,,,,16,,TRUE
2021/10/4,,,,,,,,,,,,,56,,TRUE
2021/10/5,,,,,,,,,,,,,1,,TRUE
2021/10/10,,,,,,,,,,,,,3,,TRUE
2021/10/16,,,,,,,,,,,,,1,,TRUE
2021/10/17,,,,,,,,,,,,,3,,TRUE
2021/10/18,,,,,,,,,,,,,2,,TRUE
2021/10/19,,,,,,,,,,,,,5,,TRUE
2021/10/20,,,,,,,,,,,,,2,,TRUE
2021/10/21,,,,,,,,,,,,,4,,FALSE
2021/10/22,,,,,,,,,,,,,1,,TRUE
2021/10/24,,,,,,,,,,,,,1,,TRUE
2021/10/25,,,,,,,,,,,,,1,,TRUE
2021/10/26,,,,,,,,,,,,,7,,FALSE
2021/10/27,,,,,,,,,,,,,3,,TRUE
2021/10/28,,,,,,,,,,,,,2,,TRUE
2021/10/29,,,,,,,,,,,,,3,,TRUE
2021/10/31,,,,,,,,,,,,,9,,TRUE
2021/11/1,,,,,,,,,,,,,6,,TRUE
2021/11/2,,,,,,,,,,,,,1,,TRUE
2021/11/4,,,,,,,,,,,,,2,,TRUE
2021/11/5,,,,,,,,,,,,,1,,TRUE
2021/11/6,,,,,,,,,,,,,16,,TRUE
2021/11/7,,,,,,,,,,,,,4,,TRUE
2021/11/8,,,,,,,,,,,,,3,,TRUE
2021/11/9,,,,,,,,,,,,,6,,TRUE
2021/11/10,,,,,,,,,,,,,6,,FALSE
2021/11/11,,,,,,,,,,,,,4,,TRUE
2021/11/12,,,,,,,,,,,,,7,,TRUE
2021/11/13,,,,,,,,,,,,,3,,TRUE
2021/11/14,,,,,,,,,,,,,3,,TRUE
2021/11/15,,,,,,,,,,,,,7,,TRUE
2021/11/16,,,,,,,,,,,,,8,,TRUE
2021/11/17,,,,,,,,,,,,,4,,TRUE
2021/11/18,,,,,,,,,,,,,3,,TRUE
2021/11/19,,,,,,,,,,,,,3,,TRUE
2021/11/20,,,,,,,,,,,,,5,,TRUE
2021/11/21,,,,,,,,,,,,,9,,TRUE
2021/11/22,,,,,,,,,,,,,6,,TRUE
2021/11/23,,,,,,,,,,,,,4,,TRUE
2021/11/24,,,,,,,,,,,,,5,,TRUE
2021/11/25,,,,,,,,,,,,,2,,TRUE
2021/11/26,,,,,,,,,,,,,8,,TRUE
2021/11/27,,,,,,,,,,,,,4,,TRUE
2021/11/28,,,,,,,,,,,,,27,,FALSE
2021/11/29,,,,,,,,,,,,,5,,TRUE
2021/11/30,,,,,,,,,,,,,4,,TRUE
2021/12/1,,,,,,,,,,,,,2,,TRUE
2021/12/2,,,,,,,,,,,,,3,,TRUE
2021/12/3,,,,,,,,,,,,,2,,TRUE
2021/12/4,,,,,,,,,,,,,2,,TRUE
2021/12/6,,,,,,,,,,,,,4,,TRUE
2021/12/7,,,,,,,,,,,,,9,,TRUE
2021/12/8,,,,,,,,,,,,,1,,TRUE
2021/12/9,,,,,,,,,,,,,5,,TRUE
2021/12/10,,,,,,,,,,,,,13,,TRUE
2021/12/11,,,,,,,,,,,,,2,,TRUE
2021/12/13,,,,,,,,,,,,,1,,TRUE
2021/12/14,,,,,,,,,,,,,5,,TRUE
2021/12/15,,,,,,,,,,,,,2,,TRUE
2021/12/16,,,,,,,,,,,,,4,,TRUE
2021/12/18,,,,,,,,,,,,,4,,TRUE
2021/12/19,,,,,,,,,,,,,1,,TRUE
2021/12/22,,,,,,,,,,,,,4,,TRUE
2021/12/23,,,,,,,,,,,,,4,,TRUE
2021/12/24,,,,,,,,,,,,,1,,TRUE
2021/12/25,,,,,,,,,,,,,1,,TRUE
2021/12/28,,,,,,,,,,,,,5,,TRUE
2021/12/29,,,,,,,,,,,,,5,,TRUE
2021/12/30,,,,,,,,,,,,,3,,TRUE
2021/12/31,,,,,,,,,,,,,3,,FALSE
2022/1/1,,,,,,,,,,,,,1,,TRUE
2022/1/2,,,,,,,,,,,,,1,,TRUE
2022/1/4,,,,,,,,,,,,,5,,TRUE
2022/1/5,,,,,,,,,,,,,2,,TRUE
2022/1/6,,,,,,,,,,,,,2,,TRUE
2022/1/7,,,,,,,,,,,,,6,,TRUE
2022/1/8,,,,,,,,,,,,,1,,TRUE
2022/1/10,,,,,,,,,,,,,9,,TRUE
2022/1/11,,,,,,,,,,,,,5,,TRUE
2022/1/12,,,,,,,,,,,,,2,,TRUE
2022/1/13,,,,,,,,,,,,,1,,TRUE
2022/1/14,,,,,,,,,,,,,11,,TRUE
2022/1/15,,,,,,,,,,,,,10,,TRUE
2022/1/17,,,,,,,,,,,,,3,,TRUE
2022/1/18,,,,,,,,,,,,,2,,TRUE
2022/1/19,,,,,,,,,,,,,5,,TRUE
2022/1/20,,,,,,,,,,,,,1,,TRUE
2022/1/23,,,,,,,,,,,,,39,,FALSE
2022/1/24,,,,,,,,,,,,,13,,FALSE
2022/1/25,,,,,,,,,,,,,2,,TRUE
2022/1/27,,,,,,,,,,,,,8,,TRUE
2022/1/28,,,,,,,,,,,,,1,,TRUE
2022/1/30,,,,,,,,,,,,,3,,TRUE
2022/1/31,,,,,,,,,,,,,5,,TRUE
2022/2/4,,,,,,,,,,,,,1,,TRUE
2022/2/5,,,,,,,,,,,,,2,,TRUE
2022/2/6,,,,,,,,,,,,,2,,TRUE
2022/2/9,,,,,,,,,,,,,5,,TRUE
2022/2/10,,,,,,,,,,,,,11,,TRUE
2022/2/11,,,,,,,,,,,,,2,,TRUE
2022/2/12,,,,,,,,,,,,,5,,TRUE
2022/2/14,,,,,,,,,,,,,2,,TRUE
2022/2/16,,,,,,,,,,,,,3,,FALSE
2022/2/17,,,,,,,,,,,,,1,,TRUE
2022/2/18,,,,,,,,,,,,,4,,TRUE
2022/2/23,,,,,,,,,,,,,2,,TRUE
2022/2/24,,,,,,,,,,,,,9,,TRUE
2022/2/25,,,,,,,,,,,,,4,,TRUE
2022/2/26,,,,,,,,,,,,,7,,TRUE
2022/2/27,,,,,,,,,,,,,2,,TRUE
2022/2/28,,,,,,,,,,,,,7,,TRUE
2022/3/1,,,,,,,,,,,,,7,,TRUE
2022/3/6,,,,,,,,,,,,,1,,TRUE
2022/3/7,,,,,,,,,,,,,2,,TRUE
2022/3/8,,,,,,,,,,,,,5,,TRUE
2022/3/9,,,,,,,,,,,,,1,,TRUE
2022/3/10,,,,,,,,,,,,,1,,TRUE
2022/3/11,,,,,,,,,,,,,3,,TRUE
2022/3/14,,,,,,,,,,,,,13,,TRUE
2022/3/15,,,,,,,,,,,,,3,,TRUE
2022/3/16,,,,,,,,,,,,,1,,TRUE
2022/3/17,,,,,,,,,,,,,1,,TRUE
2022/3/18,,,,,,,,,,,,,3,,TRUE
2022/3/19,,,,,,,,,,,,,4,,TRUE
2022/3/27,,,,,,,,,,,,,3,,TRUE
2022/3/30,,,,,,,,,,,,,3,,TRUE
2022/3/31,,,,,,,,,,,,,13,,TRUE
2022/4/1,,,,,,,,,,,,,1,,TRUE
2022/4/2,,,,,,,,,,,,,1,,TRUE
2022/4/4,,,,,,,,,,,,,1,,TRUE
2022/4/5,,,,,,,,,,,,,4,,TRUE
2022/4/6,,,,,,,,,,,,,1,,TRUE
2022/4/7,,,,,,,,,,,,,4,,TRUE
2022/4/8,,,,,,,,,,,,,4,,TRUE
2022/4/10,,,,,,,,,,,,,3,,TRUE
2022/4/11,,,,,,,,,,,,,2,,TRUE
2022/4/12,,,,,,,,,,,,,4,,TRUE
2022/4/13,,,,,,,,,,,,,1,,TRUE
2022/4/14,,,,,,,,,,,,,1,,TRUE
2022/4/15,,,,,,,,,,,,,6,,FALSE
2022/4/20,,,,,,,,,,,,,11,,FALSE
2022/4/21,,,,,,,,,,,,,2,,TRUE
2022/4/22,,,,,,,,,,,,,7,,TRUE
2022/4/23,,,,,,,,,,,,,5,,TRUE
2022/4/25,,,,,,,,,,,,,3,,TRUE
2022/4/26,,,,,,,,,,,,,2,,TRUE
2022/4/27,,,,,,,,,,,,,5,,TRUE
2022/4/28,,,,,,,,,,,,,5,,TRUE
2022/4/30,,,,,,,,,,,,,2,,TRUE
2022/5/3,,,,,,,,,,,,,1,,TRUE
2022/5/4,,,,,,,,,,,,,3,,TRUE
2022/5/5,,,,,,,,,,,,,6,,TRUE
2022/5/6,,,,,,,,,,,,,18,,TRUE
2022/5/7,,,,,,,,,,,,,5,,TRUE
2022/5/8,,,,,,,,,,,,,2,,TRUE
2022/5/9,,,,,,,,,,,,,1,,TRUE
2022/5/10,,,,,,,,,,,,,2,,FALSE
2022/5/11,,,,,,,,,,,,,1,,TRUE
2022/5/13,,,,,,,,,,,,,1,,TRUE
2022/5/15,,,,,,,,,,,,,1,,TRUE
2022/5/17,,,,,,,,,,,,,1,,TRUE
2022/5/18,,,,,,,,,,,,,4,,TRUE
2022/5/19,,,,,,,,,,,,,7,,TRUE
2022/5/20,,,,,,,,,,,,,14,,TRUE
2022/5/21,,,,,,,,,,,,,1,,TRUE
2022/5/23,,,,,,,,,,,,,1,,FALSE
2022/5/25,,,,,,,,,,,,,2,,FALSE
2022/5/28,,,,,,,,,,,,,7,,TRUE
2022/5/29,,,,,,,,,,,,,5,,TRUE
2022/5/30,,,,,,,,,,,,,30,,FALSE
2022/5/31,,,,,,,,,,,,,3,,TRUE
2022/6/1,,,,,,,,,,,,,,,FALSE
2022/6/2,,,,,,,,,,,,,1,,TRUE
2022/6/5,,,,,,,,,,,,,3,,TRUE
2022/6/6,,,,,,,,,,,,,1,,TRUE
2022/6/13,,,,,,,,,,,,,1,,TRUE
2022/6/14,,,,,,,,,,,,,1,,TRUE
2022/6/16,,,,,,,,,,,,,2,,TRUE
2022/6/18,,,,,,,,,,,,,3,,TRUE
2022/6/19,,,,,,,,,,,,,10,,TRUE
2022/6/20,,,,,,,,,,,,,1,,TRUE
2022/6/21,,,,,,,,,,,,,29,,TRUE
2022/6/22,,,,,,,,,,,,,6,,TRUE
2022/6/23,,,,,,,,,,,,,22,,TRUE
2022/6/26,,,,,,,,,,,,,1,,TRUE
2022/6/27,,,,,,,,,,,,,1,,TRUE
2022/6/28,,,,,,,,,,,,,2,,TRUE
2022/6/29,,,,,,,,,,,,,1,,TRUE
2022/7/7,,,,,,,,,,,,,1,,TRUE
2022/7/8,,,,,,,,,,,,,9,,FALSE
2022/7/9,,,,,,,,,,,,,5,,TRUE
2022/7/10,,,,,,,,,,,,,2,,TRUE
2022/7/11,,,,,,,,,,,,,3,,TRUE
2022/7/12,,,,,,,,,,,,,4,,TRUE
2022/7/13,,,,,,,,,,,,,1,,TRUE
2022/7/15,,,,,,,,,,,,,10,,TRUE
2022/7/17,,,,,,,,,,,,,1,,TRUE
2022/7/18,,,,,,,,,,,,,2,,TRUE
2022/7/19,,,,,,,,,,,,,1,,TRUE
2022/7/20,,,,,,,,,,,,,3,,TRUE
2022/7/21,,,,,,,,,,,,,1,,TRUE
2022/7/22,,,,,,,,,,,,,6,,TRUE
2022/7/23,,,,,,,,,,,,,4,,TRUE
2022/7/24,,,,,,,,,,,,,4,,TRUE
2022/7/25,,,,,,,,,,,,,2,,TRUE
2022/7/26,,,,,,,,,,,,,3,,TRUE
2022/7/27,,,,,,,,,,,,,3,,TRUE
2022/7/28,,,,,,,,,,,,,3,,TRUE
2022/7/29,,,,,,,,,,,,,1,,TRUE
2022/7/30,,,,,,,,,,,,,1,,TRUE
2022/8/1,,,,,,,,,,,,,4,,TRUE
2022/8/3,,,,,,,,,,,,,49,,FALSE
2022/8/4,,,,,,,,,,,,,22,,FALSE
2022/8/5,,,,,,,,,,,,,49,,FALSE
2022/8/6,,,,,,,,,,,,,20,14,FALSE
2022/8/7,,,,,,,,,,,,,66,14,FALSE
2022/8/8,,,,,,,,,,,,,39,13,FALSE
2022/8/9,,,,,,,,,,,,,45,10,TRUE
2022/8/11,,,,,,,,,,,,,21,6,FALSE
2022/8/12,,,,,,,,,,,,,24,6,TRUE
2022/8/13,,,,,,,,,,,,,29,6,TRUE
2022/8/14,,,,,,,,,,,,,22,6,TRUE
2022/8/15,,,,,,,,,,,,,30,5,FALSE
2022/8/16,,,,,,,,,,,,,17,5,TRUE
2022/8/17,,,,,,,,,,,,,21,5,TRUE
2022/8/18,,,,,,,,,,,,,51,6,TRUE
2022/8/19,,,,,,,,,,,,,17,6,TRUE
2022/8/20,,,,,,,,,,,,,17,5,TRUE
2022/8/21,,,,,,,,,,,,,12,5,TRUE
2022/8/22,,,,,,,,,,,,,15,5,TRUE
2022/8/23,,,,,,,,,,,,,20,4,TRUE
2022/8/24,,,,,,,,,,,,,13,4,TRUE
2022/8/25,,,,,,,,,,,,,15,4,TRUE
2022/8/26,,,,,,,,,,,,,35,8,TRUE
2022/8/27,,,,,,,,,,,,,21,5,TRUE
2022/8/28,,,,,,,,,,,,,23,8,TRUE
2022/8/29,,,,,,,,,,,,,37,8,TRUE
2022/8/30,,,,,,,,,,,,,24,11,TRUE
2022/8/31,,,,,,,,,,,,,62,7,TRUE
2022/9/1,,,,,,,,,,,,,53,8,TRUE
2022/9/2,,,,,,,,,,,,,19,3,TRUE
2022/9/3,,,,,,,,,,,,,4,5,TRUE
2022/9/4,,,,,,,,,,,,,7,5,TRUE
2022/9/5,,,,,,,,,,,,,17,4,TRUE
2022/9/6,,,,,,,,,,,,,8,5,TRUE
2022/9/7,,,,,,,,,,,,,12,5,TRUE
2022/9/8,,,,,,,,,,,,,45,7,TRUE
2022/9/9,,,,,,,,,,,,,12,5,TRUE
2022/9/10,,,,,,,,,,,,,43,9,TRUE
2022/9/11,,,,,,,,,,,,,8,5,TRUE
2022/9/12,,,,,,,,,,,,,7,3,TRUE
2022/9/13,,,,,,,,,,,,,11,4,TRUE
2022/9/14,,,,,,,,,,,,,24,5,TRUE
2022/9/15,,,,,,,,,,,,,26,5,TRUE
2022/9/16,,,,,,,,,,,,,43,5,TRUE
2022/9/17,,,,,,,,,,,,,20,5,TRUE
2022/9/18,,,,,,,,,,,,,8,5,FALSE
2022/9/19,,,,,,,,,,,,,9,5,TRUE
2022/9/20,,,,,,,,,,,,,24,4,TRUE
2022/9/21,,,,,,,,,,,,,38,6,TRUE
2022/9/22,,,,,,,,,,,,,13,5,TRUE
2022/9/23,,,,,,,,,,,,,20,4,TRUE
2022/9/24,,,,,,,,,,,,,16,4,TRUE
2022/9/25,,,,,,,,,,,,,15,4,TRUE
2022/9/26,,,,,,,,,,,,,12,4,TRUE
2022/9/27,,,,,,,,,,,,,11,4,TRUE
2022/9/28,,,,,,,,,,,,,31,4,TRUE
2022/9/29,,,,,,,,,,,,,11,4,TRUE
2022/9/30,,,,,,,,,,,,,8,4,TRUE
2022/10/1,,,,,,,,,,,,,8,4,TRUE
2022/10/2,,,,,,,,,,,,,22,4,TRUE
2022/10/3,,,,,,,,,,,,,14,4,TRUE
2022/10/4,,,,,,,,,,,,,9,4,TRUE
2022/10/5,,,,,,,,,,,,,33,4,TRUE
2022/10/6,,,,,,,,,,,,,9,4,TRUE
2022/10/7,,,,,,,,,,,,,8,4,TRUE
2022/10/8,,,,,,,,,,,,,6,4,TRUE
2022/10/9,,,,,,,,,,,,,12,4,TRUE
2022/10/10,,,,,,,,,,,,,26,4,TRUE
2022/10/11,,,,,,,,,,,,,11,4,TRUE
2022/10/12,,,,,,,,,,,,,15,4,TRUE
2022/10/13,,,,,,,,,,,,,13,4,TRUE
2022/10/14,,,,,,,,,,,,,23,5,TRUE
2022/10/15,,,,,,,,,,,,,11,4,TRUE
2022/10/17,,,,,,,,,,,,,4,3,TRUE
2022/10/18,,,,,,,,,,,,,11,2,TRUE
2022/10/19,,,,,,,,,,,,,11,2,TRUE
2022/10/20,,,,,,,,,,,,,20,3,TRUE
2022/10/21,,,,,,,,,,,,,22,3,TRUE
2022/10/22,,,,,,,,,,,,,9,3,TRUE
2022/10/23,,,,,,,,,,,,,9,3,TRUE
2022/10/24,,,,,,,,,,,,,10,3,TRUE
2022/10/25,,,,,,,,,,,,,16,3,TRUE
2022/10/26,,,,,,,,,,,,,22,3,TRUE
2022/10/27,,,,,,,,,,,,,20,2,TRUE
2022/10/28,,,,,,,,,,,,,13,3,TRUE
2022/10/29,,,,,,,,,,,,,25,3,TRUE
2022/10/30,,,,,,,,,,,,,8,3,TRUE
2022/11/1,,,,,,,,,,,,,8,3,TRUE
2022/11/2,,,,,,,,,,,,,6,3,TRUE
2022/11/3,,,,,,,,,,,,,9,3,TRUE
2022/11/4,,,,,,,,,,,,,27,4,TRUE
2022/11/5,,,,,,,,,,,,,9,2,TRUE
2022/11/6,,,,,,,,,,,,,46,4,TRUE
2022/11/7,,,,,,,,,,,,,63,4,TRUE
2022/11/8,,,,,,,,,,,,,21,4,TRUE
2022/11/9,,,,,,,,,,,,,18,4,TRUE
2022/11/10,,,,,,,,,,,,,26,4,TRUE
2022/11/11,,,,,,,,,,,,,14,3,TRUE
2022/11/12,,,,,,,,,,,,,36,3,TRUE
2022/11/13,,,,,,,,,,,,,5,3,TRUE
2022/11/19,,,,,,,,,,,,,10,3,TRUE
2022/11/20,,,,,,,,,,,,,12,4,TRUE
2022/11/21,,,,,,,,,,,,,17,4,TRUE
2022/11/22,,,,,,,,,,,,,3,4,TRUE
2022/11/23,,,,,,,,,,,,,7,4,TRUE
2022/11/24,,,,,,,,,,,,,6,4,TRUE
2022/11/25,,,,,,,,,,,,,11,4,TRUE
2022/11/26,,,,,,,,,,,,,8,4,TRUE
2022/11/27,,,,,,,,,,,,,9,4,TRUE
2022/11/29,,,,,,,,,,,,,13,3,TRUE
2022/11/30,,,,,,,,,,,,,5,3,TRUE
2022/12/1,,,,,,,,,,,,,19,4,TRUE
2022/12/2,,,,,,,,,,,,,14,4,TRUE
2022/12/3,,,,,,,,,,,,,25,4,TRUE
2022/12/5,,,,,,,,,,,,,20,4,TRUE
2022/12/6,,,,,,,,,,,,,17,4,TRUE
2022/12/7,,,,,,,,,,,,,27,4,TRUE
2022/12/8,,,,,,,,,,,,,24,4,TRUE
2022/12/10,,,,,,,,,,,,,13,4,TRUE
2022/12/11,,,,,,,,,,,,,8,4,TRUE
2022/12/12,,,,,,,,,,,,,29,3,TRUE
2022/12/13,,,,,,,,,,,,,11,7,TRUE
2022/12/14,,,,,,,,,,,,,9,5,TRUE
2022/12/15,,,,,,,,,,,,,13,3,TRUE
2022/12/16,,,,,,,,,,,,,2,3,TRUE
2022/12/17,,,,,,,,,,,,,4,2,TRUE
2022/12/18,,,,,,,,,,,,,17,3,TRUE
2022/12/19,,,,,,,,,,,,,13,3,TRUE
2022/12/20,,,,,,,,,,,,,11,3,TRUE
2022/12/21,,,,,,,,,,,,,39,3,TRUE
2022/12/22,,,,,,,,,,,,,9,3,TRUE
2022/12/25,,,,,,,,,,,,,71,7,TRUE
2022/12/26,,,,,,,,,,,,,6,3,FALSE
2022/12/27,,,,,,,,,,,,,11,3,TRUE
2022/12/29,,,,,,,,,,,,,9,3,TRUE
2022/12/30,,,,,,,,,,,,,9,3,TRUE
2022/12/31,,,,,,,,,,,,,24,4,TRUE
2023/1/1,,,,,,,,,,,,,8,3,TRUE
2023/1/2,,,,,,,,,,,,,1,3,TRUE
2023/1/3,,,,,,,,,,,,,10,3,TRUE
2023/1/4,,,,,,,,,,,,,12,4,TRUE
2023/1/6,,,,,,,,,,,,,22,3,TRUE
2023/1/7,,,,,,,,,,,,,6,3,TRUE
2023/1/8,,,,,,,,,,,,,57,4,TRUE
2023/1/9,,,,,,,,,,,,,11,3,TRUE
2023/1/10,,,,,,,,,,,,,8,3,TRUE
2023/1/11,,,,,,,,,,,,,15,4,TRUE
2023/1/12,,,,,,,,,,,,,7,3,TRUE
2023/1/13,,,,,,,,,,,,,1,4,TRUE
2023/1/14,,,,,,,,,,,,,6,4,TRUE
2023/1/15,,,,,,,,,,,,,4,3,TRUE
2023/1/16,,,,,,,,,,,,,8,3,TRUE
2023/1/17,,,,,,,,,,,,,18,3,TRUE
2023/1/19,,,,,,,,,,,,,31,4,TRUE
2023/1/20,,,,,,,,,,,,,14,3,TRUE
2023/1/22,,,,,,,,,,,,,9,4,TRUE
2023/1/23,,,,,,,,,,,,,1,4,TRUE
2023/1/24,,,,,,,,,,,,,4,3,TRUE
2023/1/25,,,,,,,,,,,,,2,3,TRUE
2023/1/26,,,,,,,,,,,,,7,4,TRUE
2023/1/27,,,,,,,,,,,,,3,3,TRUE
2023/1/28,,,,,,,,,,,,,8,4,TRUE
2023/1/29,,,,,,,,,,,,,6,5,TRUE
2023/1/30,,,,,,,,,,,,,9,3,TRUE
2023/1/31,,,,,,,,,,,,,34,9,TRUE
2023/2/1,,,,,,,,,,,,,23,4,TRUE
2023/2/2,,,,,,,,,,,,,14,4,TRUE
2023/2/3,,,,,,,,,,,,,8,4,TRUE
2023/2/4,,,,,,,,,,,,,6,4,TRUE
2023/2/6,,,,,,,,,,,,,5,4,TRUE
2023/2/7,,,,,,,,,,,,,9,4,TRUE
2023/2/8,,,,,,,,,,,,,8,5,TRUE
2023/2/10,,,,,,,,,,,,,5,4,TRUE
2023/2/11,,,,,,,,,,,,,2,4,TRUE
2023/2/12,,,,,,,,,,,,,18,4,TRUE
2023/2/13,,,,,,,,,,,,,8,4,TRUE
2023/2/14,,,,,,,,,,,,,6,4,TRUE
2023/2/15,,,,,,,,,,,,,18,4,TRUE
2023/2/16,,,,,,,,,,,,,12,3,TRUE
2023/2/17,,,,,,,,,,,,,24,4,TRUE
2023/2/18,,,,,,,,,,,,,8,4,TRUE
2023/2/19,,,,,,,,,,,,,6,4,TRUE
2023/2/20,,,,,,,,,,,,,11,3,TRUE
2023/2/21,,,,,,,,,,,,,11,2,TRUE
2023/2/22,,,,,,,,,,,,,13,3,TRUE
2023/2/23,,,,,,,,,,,,,37,6,TRUE
2023/2/24,,,,,,,,,,,,,9,3,TRUE
2023/2/25,,,,,,,,,,,,,10,3,TRUE
2023/2/26,,,,,,,,,,,,,4,3,TRUE
2023/2/27,,,,,,,,,,,,,14,3,TRUE
2023/2/28,,,,,,,,,,,,,25,3,TRUE
2023/3/1,,,,,,,,,,,,,29,4,TRUE
2023/3/2,,,,,,,,,,,,,9,3,TRUE
2023/3/3,,,,,,,,,,,,,24,4,TRUE
2023/3/4,,,,,,,,,,,,,13,3,TRUE
2023/3/5,,,,,,,,,,,,,10,4,TRUE
2023/3/6,,,,,,,,,,,,,5,4,TRUE
2023/3/7,,,,,,,,,,,,,7,3,TRUE
2023/3/8,,,,,,,,,,,,,11,4,TRUE
2023/3/9,,,,,,,,,,,,,15,4,TRUE
2023/3/10,,,,,,,,,,,,,11,4,TRUE
2023/3/11,,,,,,,,,,,,,7,3,TRUE
2023/3/12,,,,,,,,,,,,,7,4,TRUE
2023/3/13,,,,,,,,,,,,,5,4,TRUE
2023/3/14,,,,,,,,,,,,,28,4,TRUE
2023/3/16,,,,,,,,,,,,,15,3,TRUE
2023/3/17,,,,,,,,,,,,,26,4,TRUE
2023/3/18,,,,,,,,,,,,,6,4,TRUE
2023/3/19,,,,,,,,,,,,,10,3,TRUE
2023/3/20,,,,,,,,,,,,,10,2,TRUE
2023/3/21,,,,,,,,,,,,,9,4,TRUE
2023/3/22,,,,,,,,,,,,,8,3,TRUE
2023/3/23,,,,,,,,,,,,,6,3,TRUE
2023/3/24,,,,,,,,,,,,,1,3,TRUE
2023/3/27,,,,,,,,,,,,,9,4,TRUE
2023/3/28,,,,,,,,,,,,,16,4,TRUE
2023/3/30,,,,,,,,,,,,,2,3,TRUE
2023/3/31,,,,,,,,,,,,,18,4,TRUE
2023/4/1,,,,,,,,,,,,,10,3,TRUE
2023/4/2,,,,,,,,,,,,,5,4,TRUE
2023/4/3,,,,,,,,,,,,,20,3,TRUE
2023/4/4,,,,,,,,,,,,,14,3,TRUE
2023/4/5,,,,,,,,,,,,,1,3,TRUE
2023/4/6,,,,,,,,,,,,,2,3,TRUE
2023/4/7,,,,,,,,,,,,,13,3,FALSE
2023/4/8,,,,,,,,,,,,,71,9,FALSE
2023/4/9,,,,,,,,,,,,,70,11,FALSE
2023/4/10,,,,,,,,,,,,,91,12,FALSE
2023/4/11,,,,,,,,,,,,,35,8,FALSE
2023/4/12,,,,,,,,,,,,,26,7,TRUE
2023/4/13,,,,,,,,,,,,,4,8,TRUE
2023/4/14,,,,,,,,,,,,,8,5,TRUE
2023/4/15,,,,,,,,,,,,,15,4,TRUE
2023/4/16,,,,,,,,,,,,,18,4,TRUE
2023/4/17,,,,,,,,,,,,,12,4,TRUE
2023/4/18,,,,,,,,,,,,,2,3,TRUE
2023/4/20,,,,,,,,,,,,,19,5,TRUE
2023/4/21,,,,,,,,,,,,,12,4,TRUE
2023/4/22,,,,,,,,,,,,,4,3,TRUE
2023/4/23,,,,,,,,,,,,,13,3,TRUE
2023/4/25,,,,,,,,,,,,,6,4,TRUE
2023/4/26,,,,,,,,,,,,,12,4,TRUE
2023/4/27,,,,,,,,,,,,,38,6,TRUE
2023/4/28,,,,,,,,,,,,,17,8,TRUE
2023/4/29,,,,,,,,,,,,,10,6,TRUE
2023/4/30,,,,,,,,,,,,,7,3,TRUE
2023/5/1,,,,,,,,,,,,,14,3,TRUE
2023/5/2,,,,,,,,,,,,,27,7,TRUE
2023/5/3,,,,,,,,,,,,,16,9,TRUE
2023/5/4,,,,,,,,,,,,,10,4,TRUE
2023/5/5,,,,,,,,,,,,,7,4,TRUE
2023/5/6,,,,,,,,,,,,,9,5,TRUE
2023/5/8,,,,,,,,,,,,,7,3,TRUE
2023/5/9,,,,,,,,,,,,,20,4,TRUE
2023/5/10,,,,,,,,,,,,,12,5,TRUE
2023/5/11,,,,,,,,,,,,,32,4,TRUE
2023/5/12,,,,,,,,,,,,,10,4,TRUE
2023/5/13,,,,,,,,,,,,,11,6,TRUE
2023/5/14,,,,,,,,,,,,,6,5,TRUE
2023/5/15,,,,,,,,,,,,,25,5,TRUE
2023/5/16,,,,,,,,,,,,,9,5,TRUE
2023/5/17,,,,,,,,,,,,,1,4,TRUE
2023/5/19,,,,,,,,,,,,,4,4,TRUE
2023/5/20,,,,,,,,,,,,,24,5,TRUE
2023/5/21,,,,,,,,,,,,,1,4,TRUE
2023/5/22,,,,,,,,,,,,,2,6,TRUE
2023/5/23,,,,,,,,,,,,,6,4,TRUE
2023/5/24,,,,,,,,,,,,,7,7,TRUE
2023/5/25,,,,,,,,,,,,,21,11,TRUE
2023/5/26,,,,,,,,,,,,,33,10,TRUE
2023/5/27,,,,,,,,,,,,,8,11,TRUE
2023/5/28,,,,,,,,,,,,,9,3,TRUE
2023/5/29,,,,,,,,,,,,,13,5,TRUE
2023/5/30,,,,,,,,,,,,,7,3,TRUE
2023/5/31,,,,,,,,,,,,,4,3,TRUE
2023/6/1,,,,,,,,,,,,,10,2,TRUE
2023/6/2,,,,,,,,,,,,,9,6,TRUE
2023/6/3,,,,,,,,,,,,,15,7,TRUE
2023/6/4,,,,,,,,,,,,,8,5,TRUE
2023/6/5,,,,,,,,,,,,,10,4,TRUE
2023/6/6,,,,,,,,,,,,,7,5,TRUE
2023/6/7,,,,,,,,,,,,,12,4,TRUE
2023/6/8,,,,,,,,,,,,,37,5,TRUE
2023/6/9,,,,,,,,,,,,,5,5,TRUE
2023/6/10,,,,,,,,,,,,,4,5,TRUE
2023/6/11,,,,,,,,,,,,,24,5,TRUE
2023/6/12,,,,,,,,,,,,,4,4,TRUE
2023/6/13,,,,,,,,,,,,,12,4,TRUE
2023/6/14,,,,,,,,,,,,,7,4,TRUE
2023/6/15,,,,,,,,,,,,,5,7,TRUE
2023/6/16,,,,,,,,,,,,,13,7,TRUE
2023/6/17,,,,,,,,,,,,,1,4,TRUE
2023/6/18,,,,,,,,,,,,,9,8,TRUE
2023/6/19,,,,,,,,,,,,,12,6,TRUE
2023/6/20,,,,,,,,,,,,,19,5,TRUE
2023/6/21,,,,,,,,,,,,,29,10,TRUE
2023/6/22,,,,,,,,,,,,,9,5,TRUE
2023/6/23,,,,,,,,,,,,,8,5,TRUE
2023/6/24,,,,,,,,,,,,,21,5,TRUE
2023/6/25,,,,,,,,,,,,,9,5,TRUE
2023/6/26,,,,,,,,,,,,,8,6,TRUE
2023/6/27,,,,,,,,,,,,,11,4,TRUE
2023/6/28,,,,,,,,,,,,,14,4,TRUE
2023/6/29,,,,,,,,,,,,,9,4,TRUE
2023/6/30,,,,,,,,,,,,,26,7,TRUE
2023/7/1,,,,,,,,,,,,,5,5,TRUE
2023/7/2,,,,,,,,,,,,,12,6,TRUE
2023/7/3,,,,,,,,,,,,,17,5,TRUE
2023/7/4,,,,,,,,,,,,,26,4,TRUE
2023/7/5,,,,,,,,,,,,,10,4,TRUE
2023/7/7,,,,,,,,,,,,,13,6,TRUE
2023/7/8,,,,,,,,,,,,,10,6,TRUE
2023/7/9,,,,,,,,,,,,,4,5,TRUE
2023/7/10,,,,,,,,,,,,,11,4,TRUE
2023/7/11,,,,,,,,,,,,,38,9,TRUE
2023/7/12,,,,,,,,,,,,,33,9,TRUE
2023/7/13,,,,,,,,,,,,,30,9,TRUE
2023/7/14,,,,,,,,,,,,,15,16,TRUE
2023/7/15,,,,,,,,,,,,,10,5,TRUE
2023/7/16,,,,,,,,,,,,,11,6,TRUE
2023/7/17,,,,,,,,,,,,,4,6,TRUE
2023/7/18,,,,,,,,,,,,,10,7,TRUE
2023/7/19,,,,,,,,,,,,,10,7,TRUE
2023/7/20,,,,,,,,,,,,,26,7,TRUE
2023/7/21,,,,,,,,,,,,,37,7,TRUE
2023/7/22,,,,,,,,,,,,,10,7,TRUE
2023/7/23,,,,,,,,,,,,,11,6,TRUE
2023/7/24,,,,,,,,,,,,,25,4,TRUE
2023/7/30,,,,,,,,,,,,,13,6,TRUE
2023/7/31,,,,,,,,,,,,,5,10,TRUE
2023/8/2,,,,,,,,,,,,,15,7,TRUE
2023/8/3,,,,,,,,,,,,,14,11,TRUE
2023/8/4,,,,,,,,,,,,,6,9,TRUE
2023/8/5,,,,,,,,,,,,,9,7,TRUE
2023/8/6,,,,,,,,,,,,,24,7,TRUE
2023/8/7,,,,,,,,,,,,,11,5,TRUE
2023/8/8,,,,,,,,,,,,,11,5,TRUE
2023/8/9,,,,,,,,,,,,,33,6,TRUE
2023/8/10,,,,,,,,,,,,,2,6,TRUE
2023/8/11,,,,,,,,,,,,,9,7,TRUE
2023/8/12,,,,,,,,,,,,,7,6,TRUE
2023/8/14,,,,,,,,,,,,,18,5,TRUE
2023/8/15,,,,,,,,,,,,,16,6,TRUE
2023/8/16,,,,,,,,,,,,,10,6,TRUE
2023/8/17,,,,,,,,,,,,,7,7,TRUE
2023/8/18,,,,,,,,,,,,,9,6,TRUE
2023/8/19,,,,,,,,,,,,,45,9,FALSE
2023/8/20,,,,,,,,,,,,,2,6,TRUE
2023/8/21,,,,,,,,,,,,,15,10,TRUE
2023/8/22,,,,,,,,,,,,,6,8,TRUE
2023/8/23,,,,,,,,,,,,,7,6,TRUE
2023/8/24,,,,,,,,,,,,,14,5,TRUE
2023/8/25,,,,,,,,,,,,,32,9,FALSE
2023/8/26,,,,,,,,,,,,,8,4,FALSE
2023/8/27,,,,,,,,,,,,,11,4,TRUE
2023/8/28,,,,,,,,,,,,,11,10,TRUE
2023/8/29,,,,,,,,,,,,,32,5,TRUE
2023/8/30,,,,,,,,,,,,,12,1,TRUE
2023/8/31,,,,,,,,,,,,,4,3,TRUE
2023/9/1,,,,,,,,,,,,,6,3,TRUE
2023/9/2,,,,,,,,,,,,,2,1,TRUE
2023/9/5,,,,,,,,,,,,,2,4,TRUE
2023/9/7,,,,,,,,,,,,,3,4,TRUE
2023/9/8,,,,,,,,,,,,,6,5,TRUE
2023/9/9,,,,,,,,,,,,,8,8,TRUE
2023/9/10,,,,,,,,,,,,,26,13,TRUE
2023/9/11,,,,,,,,,,,,,22,20,TRUE
2023/9/12,,,,,,,,,,,,,27,13,TRUE
2023/9/13,,,,,,,,,,,,,68,10,TRUE
2023/9/14,,,,,,,,,,,,,18,14,TRUE
2023/9/15,,,,,,,,,,,,,9,10,TRUE
2023/9/16,,,,,,,,,,,,,8,6,TRUE
2023/9/17,,,,,,,,,,,,,103,9,TRUE
2023/9/18,,,,,,,,,,,,,55,7,FALSE
2023/9/19,,,,,,,,,,,,,15,6,TRUE
2023/9/20,,,,,,,,,,,,,20,7,TRUE
2023/9/21,,,,,,,,,,,,,32,7,TRUE
2023/9/22,,,,,,,,,,,,,10,5,TRUE
2023/9/23,,,,,,,,,,,,,9,8,TRUE
2023/9/24,,,,,,,,,,,,,9,5,TRUE
2023/9/25,,,,,,,,,,,,,7,5,TRUE
2023/9/26,,,,,,,,,,,,,32,8,TRUE
2023/9/27,,,,,,,,,,,,,13,5,TRUE
2023/9/28,,,,,,,,,,,,,23,5,TRUE
2023/9/29,,,,,,,,,,,,,21,5,TRUE
2023/9/30,,,,,,,,,,,,,5,5,TRUE
2023/10/1,,,,,,,,,,,,,6,5,TRUE
2023/10/2,,,,,,,,,,,,,8,4,TRUE
2023/10/3,,,,,,,,,,,,,29,5,TRUE
2023/10/4,,,,,,,,,,,,,1,3,TRUE
2023/10/5,,,,,,,,,,,,,3,1,TRUE
2023/10/6,,,,,,,,,,,,,4,1,TRUE
2023/10/7,,,,,,,,,,,,,2,3,TRUE
2023/10/8,,,,,,,,,,,,,5,4,TRUE
2023/10/10,,,,,,,,,,,,,14,5,TRUE
2023/10/11,,,,,,,,,,,,,20,6,TRUE
2023/10/13,,,,,,,,,,,,,11,8,TRUE
2023/10/14,,,,,,,,,,,,,9,5,TRUE
2023/10/15,,,,,,,,,,,,,10,5,TRUE
2023/10/16,,,,,,,,,,,,,11,4,TRUE
2023/10/17,,,,,,,,,,,,,6,4,TRUE
2023/10/18,,,,,,,,,,,,,10,4,TRUE
2023/10/19,,,,,,,,,,,,,26,7,TRUE
2023/10/20,,,,,,,,,,,,,7,6,TRUE
2023/10/21,,,,,,,,,,,,,6,5,TRUE
2023/10/22,,,,,,,,,,,,,10,5,TRUE
2023/10/24,,,,,,,,,,,,,19,6,TRUE
2023/10/25,,,,,,,,,,,,,9,9,TRUE
2023/10/26,,,,,,,,,,,,,35,15,TRUE
2023/10/27,,,,,,,,,,,,,1,5,TRUE
2023/10/28,,,,,,,,,,,,,7,6,TRUE
2023/10/29,,,,,,,,,,,,,7,8,TRUE
2023/10/30,,,,,,,,,,,,,11,6,TRUE
2023/10/31,,,,,,,,,,,,,43,7,TRUE
2023/11/1,,,,,,,,,,,,,13,8,TRUE
2023/11/2,,,,,,,,,,,,,39,8,TRUE
2023/11/3,,,,,,,,,,,,,12,5,TRUE
2023/11/4,,,,,,,,,,,,,10,4,TRUE
2023/11/5,,,,,,,,,,,,,8,6,TRUE
2023/11/6,,,,,,,,,,,,,10,10,TRUE
2023/11/7,,,,,,,,,,,,,16,6,TRUE
2023/11/8,,,,,,,,,,,,,13,5,TRUE
2023/11/9,,,,,,,,,,,,,6,7,TRUE
2023/11/10,,,,,,,,,,,,,5,5,TRUE
2023/11/11,,,,,,,,,,,,,7,5,TRUE
2023/11/12,,,,,,,,,,,,,6,5,TRUE
2023/11/13,,,,,,,,,,,,,11,5,TRUE
2023/11/14,,,,,,,,,,,,,8,8,TRUE
2023/11/15,,,,,,,,,,,,,10,5,TRUE
2023/11/16,,,,,,,,,,,,,12,5,TRUE
2023/11/17,,,,,,,,,,,,,13,5,TRUE
2023/11/18,,,,,,,,,,,,,8,6,TRUE
2023/11/19,,,,,,,,,,,,,21,7,TRUE
2023/11/20,,,,,,,,,,,,,10,4,TRUE
2023/11/21,,,,,,,,,,,,,12,5,TRUE
2023/11/22,,,,,,,,,,,,,25,8,TRUE
2023/11/23,,,,,,,,,,,,,6,5,TRUE
2023/11/24,,,,,,,,,,,,,10,5,TRUE
2023/11/25,,,,,,,,,,,,,6,4,TRUE
2023/11/26,,,,,,,,,,,,,7,8,TRUE
2023/11/27,,,,,,,,,,,,,6,10,TRUE
2023/11/28,,,,,,,,,,,,,14,7,TRUE
2023/11/29,,,,,,,,,,,,,12,5,TRUE
2023/11/30,,,,,,,,,,,,,24,6,TRUE
2023/12/1,,,,,,,,,,,,,5,4,TRUE
2023/12/2,,,,,,,,,,,,,4,6,TRUE
2023/12/3,,,,,,,,,,,,,5,5,TRUE
2023/12/5,,,,,,,,,,,,,7,5,TRUE
2023/12/6,,,,,,,,,,,,,10,6,TRUE
2023/12/7,,,,,,,,,,,,,26,10,TRUE
2023/12/8,,,,,,,,,,,,,10,7,TRUE
2023/12/9,,,,,,,,,,,,,12,7,TRUE
2023/12/10,,,,,,,,,,,,,10,11,TRUE
2023/12/11,,,,,,,,,,,,,20,9,TRUE
2023/12/12,,,,,,,,,,,,,7,7,TRUE
2023/12/13,,,,,,,,,,,,,9,9,TRUE
2023/12/14,,,,,,,,,,,,,12,9,TRUE
2023/12/15,,,,,,,,,,,,,27,9,TRUE
2023/12/17,,,,,,,,,,,,,6,2,TRUE
2023/12/18,,,,,,,,,,,,,4,3,TRUE
2023/12/19,,,,,,,,,,,,,8,3,TRUE
2023/12/20,,,,,,,,,,,,,8,3,TRUE
2023/12/21,,,,,,,,,,,,,9,2,TRUE
2023/12/22,,,,,,,,,,,,,7,2,TRUE
2023/12/23,,,,,,,,,,,,,22,7,TRUE
2023/12/24,,,,,,,,,,,,,2,4,TRUE
2023/12/25,,,,,,,,,,,,,8,5,TRUE
2023/12/26,,,,,,,,,,,,,10,5,TRUE
2023/12/27,,,,,,,,,,,,,9,4,TRUE
2023/12/28,,,,,,,,,,,,,22,4,TRUE
2023/12/29,,,,,,,,,,,,,7,4,TRUE
2023/12/30,,,,,,,,,,,,,3,4,TRUE
2023/12/31,,,,,,,,,,,,,4,4,TRUE
2024/1/1,,,,1,,1,,,,,,,4,3,TRUE
2024/1/2,,,,,,,,,,,,,9,4,TRUE
2024/1/3,,,1,,1,,,,,1,現代級,個別訓練,6,6,TRUE
2024/1/4,,,,,,,,,,,,,8,4,TRUE
2024/1/5,,,,,,,,,,,,,13,5,TRUE
2024/1/6,,,,,,,,,,,,,8,6,TRUE
2024/1/7,,,,,,,,,,,,,9,4,TRUE
2024/1/8,,,1,,1,,,,1,,現代級,個別訓練,10,4,TRUE
2024/1/9,,,,,,,,,,,,,8,5,TRUE
2024/1/10,,,,,,,,,,,,,15,4,TRUE
2024/1/15,,,,,,,,,,,,,15,3,TRUE
2024/1/16,,,1,,,1,,,,1,旅陽,東進,9,3,TRUE
2024/1/17,,,,,,,,,,,,,24,5,TRUE
2024/1/18,,,,,,,,,,,,,12,4,TRUE
2024/1/19,,,,,,,,,,,,,10,4,TRUE
2024/1/20,,,,,,,,,,,,,3,4,TRUE
2024/1/21,,,,,,,,,,,,,4,4,TRUE
2024/1/22,,,,,,,,,,,,,7,3,TRUE
2024/1/23,,,,,,,,,,,,,7,5,TRUE
2024/1/24,,,,,,,,,,,,,18,6,TRUE
2024/1/25,,,1,,,1,,,1,,旅陽,,10,4,TRUE
2024/1/26,,,,,,,,,,,,,33,6,TRUE
2024/1/27,,,,,,,,,,,,,9,6,TRUE
2024/1/28,,,,,,,,,,,,,7,6,TRUE
2024/1/29,,,,,,,,,,,,,9,4,TRUE
2024/1/30,,,,,,,,,,,,,7,4,TRUE
2024/1/31,,,,,,,,,,,,,33,6,FALSE
2024/2/1,,,1,,,1,,,,1,旅陽,東進,8,5,TRUE
2024/2/2,,1,,,,,,,,,,,10,5,TRUE
2024/2/3,,,,,,,,,,,,,7,4,TRUE
2024/2/4,,,,,,,,,,,,,2,5,TRUE
2024/2/5,,,1,,,1,,,1,,旅陽,,25,6,TRUE
2024/2/6,,,,,,,,,,,,,9,5,TRUE
2024/2/7,,,,,,,,,,,,,0,4,TRUE
2024/2/8,,,,,,,,,,,,,7,5,TRUE
2024/2/9,,,,,,,,,,,,,5,4,TRUE
2024/2/10,,,,,,,,,,,,,6,4,TRUE
2024/2/11,,,,,,,,,,,,,2,4,TRUE
2024/2/12,,,,,,,,,,,,,2,4,TRUE
2024/2/13,,,,,,,,,,,,,4,4,TRUE
2024/2/14,,,,,,,,,,,,,21,6,TRUE
2024/2/15,,1,,,,,,,,,,,8,7,TRUE
2024/2/16,,1,,,,,,,,,,,7,5,TRUE
2024/2/17,,,,,,,,,,,,,7,5,TRUE
2024/2/18,,,1,,,1,,,,1,旅陽,東進,7,7,TRUE
2024/2/19,,1,,,,,,,,,,,24,8,TRUE
2024/2/20,,,,,,,,,,,,,10,6,TRUE
2024/2/21,,,,,,,,,,,,,11,6,TRUE
2024/2/22,,1,,,,,,,,,,,11,6,TRUE
2024/2/23,,,,,,,,,,,,,9,9,TRUE
2024/2/24,,,,,,,,,,,,,4,4,TRUE
2024/2/25,,,,,,,,,,,,,11,5,TRUE
2024/2/26,,,,,,,,,,,,,10,6,TRUE
2024/2/27,,,,,,,,,,,,,10,6,TRUE
2024/2/27,,,,,,,,,,,,,15,11,TRUE
2024/2/28,,,,,,,,,,,,,19,7,TRUE
2024/2/28,,,,,,,,,,,,,15,11,TRUE
2024/2/29,,,,,,,,,,,,,19,7,TRUE
2024/2/29,,,,,,,,,,,,,10,6,TRUE
2024/3/1,,,,,,,,,,,,,9,8,TRUE
2024/3/2,,,1,,,1,,,,1,江開,,21,6,TRUE
2024/3/3,,,,,,,,,,,,,16,7,TRUE
2024/3/4,,,,,,,,,,,,,12,6,TRUE
2024/3/5,,,,,,,,,,,,,14,8,TRUE
2024/3/6,,,,,,,,,,,,,8,5,TRUE
2024/3/7,,,,,,,,,,,,,9,5,TRUE
2024/3/8,,,,,,,,,,,,,9,5,TRUE
2024/3/9,,,,,,,,,,,,,7,5,TRUE
2024/3/10,,,,,,,,,,,,,8,6,TRUE
2024/3/11,,,,,,,,,,,,,2,5,FALSE
2024/3/12,,,,,,,,,,,,,10,9,TRUE
2024/3/13,,,,,,,,,,,,,26,10,TRUE
2024/3/14,,,,,,,,,,,,,11,8,TRUE
2024/3/15,,,1,,,1,,,1,,江開,,10,8,TRUE
2024/3/16,,,1,,,,,1,,1,補給,,4,7,TRUE
2024/3/17,,,,,,,,,,,,,9,5,TRUE
2024/3/18,,,,,,,,,,,,,9,10,TRUE
2024/3/19,,,,,,,,,,,,,15,10,TRUE
2024/3/20,,,,,,,,,,,,,32,5,TRUE
2024/3/21,,,,,,,,,,,,,36,6,TRUE
2024/3/22,,,,,,,,,,,,,13,6,FALSE
2024/3/23,,,1,,,,,1,,1,旅陽,,6,8,TRUE
2024/3/24,,,,,,,,,,,,,5,7,TRUE
2024/3/25,,,,,,,,,,,,,13,7,TRUE
2024/3/26,,,,,,,,,,,,,9,6,TRUE
2024/3/27,,,,,,,,,,,,,20,8,TRUE
2024/3/28,,,1,,,,,1,,1,旅陽,,4,5,TRUE
2024/3/29,,,,,,,,,,,,,8,7,TRUE
2024/3/30,,,,,,,,,,,,,4,6,TRUE
2024/3/31,,,,,,,,,,,,,0,7,TRUE
2024/4/1,,,,,,,,,,,,,0,7,TRUE
2024/4/2,,,,,,,,,,,,,6,7,TRUE
2024/4/3,,,,,,,,,,,,,30,9,TRUE
2024/4/4,,,,,,,,,,,,,3,7,TRUE
2024/4/5,,,,,,,,,,,,,0,8,TRUE
2024/4/6,,,,,,,,,,,,,1,7,TRUE
2024/4/7,,,,,,,,,,,,,0,6,TRUE
2024/4/8,,,,,,,,,,,,,0,4,TRUE
2024/4/9,,,,,,,,,,,,,7,5,TRUE
2024/4/10,,,,,,,,,,,,,10,7,TRUE
2024/4/11,,,,,,,,,,,,,14,6,TRUE
2024/4/12,,,,,,,,,,,,,14,8,TRUE
2024/4/13,,,,,,,,,,,,,16,8,FALSE
2024/4/14,,,,,,,,,,,,,6,5,TRUE
2024/4/15,,,,,,,,,,,,,18,6,FALSE
2024/4/16,,,,,,,,,,,,,11,8,TRUE
2024/4/17,,,,,,,,,,,,,10,7,TRUE
2024/4/18,,,,,,,,,,,,,18,5,TRUE
2024/4/19,,,,,,,,,,,,,6,6,TRUE
2024/4/20,,,,,,,,,,,,,8,8,TRUE
2024/4/21,,,,,,,,,,,,,21,7,FALSE
2024/4/22,,,,,,,,,,,,,10,6,TRUE
2024/4/23,,,,,,,,,,1,旅洋,,2,6,TRUE
2024/4/24,,,1,,1,,,,,,,,2,7,TRUE
2024/4/25,,,,,,,,,,,,,10,6,TRUE
2024/4/26,,,1,,,1,,,1,,旅洋,,0,6,TRUE
2024/4/27,,,,,,,,,,,,,1,5,TRUE
2024/4/28,,,,,,,,,,,,,22,4,TRUE
2024/4/29,,,,,,,,,,,,,0,4,TRUE
2024/4/30,,,,,,,,,,,,,7,7,TRUE
2024/5/1,,,,,,,,,,,,,0,7,TRUE
2024/5/2,,,,,,,,,,,,,4,4,TRUE
2024/5/3,,,,,,,,,,,,,26,5,FALSE
2024/5/4,,,,,,,,,,,,,9,5,TRUE
2024/5/5,,,1,,,,1,,,1,江開,,7,5,TRUE
2024/5/6,,,,,,,,,,,,,3,6,TRUE
2024/5/7,,,,,,,,,,,,,10,5,TRUE
2024/5/8,,,,,,,,,,,,,16,6,TRUE
2024/5/9,,,1,,1,,,,1,,江開,,23,5,TRUE
2024/5/10,,,,,,,,,,,,,6,7,TRUE
2024/5/11,,,,,,,,,,,,,15,6,TRUE
2024/5/12,,,,,,,,,,,,,11,8,TRUE
2024/5/13,,,1,,,1,,,1,,補給,,2,7,TRUE
2024/5/14,,,,,,,,,,,,,10,5,TRUE
2024/5/15,,,,,,,,,,,,,45,6,FALSE
2024/5/16,,,,,,,,,,,,,27,7,TRUE
2024/5/17,,,,,,,,,,,,,8,8,TRUE
2024/5/18,,,,,,,,,,,,,18,4,TRUE
2024/5/19,,,,,,,,,,,,,7,7,TRUE
2024/5/20,,,,,,,,,,,,,6,7,TRUE
2024/5/21,,,,,,,,,,,,,0,8,TRUE
2024/5/22,,,,,,,,,,,,,0,7,TRUE
2024/5/23,,,,,,,,,,,,,1,8,TRUE
2024/5/24,,,,,,,,,,,,,49,19,FALSE
2024/5/25,,,,,,,,,,,,,62,27,FALSE
2024/5/26,,,,,,,,,,,,,7,14,TRUE
2024/5/27,,,,,,,,,,,,,21,11,TRUE
2024/5/28,,,,,,,,,,,,,3,7,TRUE
2024/5/29,,,,,,,,,,,,,38,7,FALSE
2024/5/30,,,,,,,,,,,,,13,10,FALSE
2024/5/31,,,,,,,,,,,,,9,6,TRUE
2024/6/1,,,,,,,,,,,,,2,6,TRUE
2024/6/2,,,1,,1,,,,,1,旅洋,2天,0,8,TRUE
2024/6/3,,,,,,,,,,,,,19,8,TRUE
2024/6/4,,,,,,,,,,,,,26,10,TRUE
2024/6/5,,,,,,,,,,,,,1,8,TRUE
2024/6/6,,,,,,1,,,,1,旅洋,,6,6,TRUE
2024/6/7,,,,,,,,,,,,,13,5,TRUE
2024/6/8,,,,,,,,,,,,,9,7,TRUE
2024/6/9,,,,,,,,,,,,,9,7,TRUE
2024/6/10,,,,,,,,,,,,,11,8,TRUE
2024/6/11,,,,,,,,,,,,,13,9,TRUE
2024/6/12,,,,,,,,,,,,,23,7,TRUE
2024/6/13,,,,,,,,,,,,,8,8,TRUE
2024/6/14,,,,,,,,,,,,,12,8,TRUE
2024/6/15,,,,,,,,,,,,,6,7,TRUE
2024/6/16,,,,,,,,,,,,,2,10,TRUE
2024/6/17,,,,,,,,,,,,,20,7,TRUE
2024/6/18,,,,,,,,,,,,,18,6,TRUE
2024/6/19,,,,,,,,,,,,,11,8,TRUE
2024/6/20,,,,,,,,,,,,,36,7,TRUE
2024/6/21,,,,,,,,,,,,,41,7,FALSE
2024/6/22,,,,,,,,,,,,,15,6,TRUE
2024/6/23,,,,,,,,,,,,,23,7,TRUE
2024/6/24,,,,,,,,,,,,,17,8,TRUE
2024/6/25,,,,,,,,,,,,,18,6,TRUE
2024/6/26,,,1,,,,1,,,1,旅洋,,35,7,TRUE
2024/6/27,,1,1,,,,1,,1,,旅洋,,18,6,TRUE
2024/6/28,,,,,,,,,,,,,23,5,TRUE
2024/6/29,,,1,,,,1,,,1,旅洋,,5,7,TRUE
2024/6/30,,,1,,,,,1,,1,旅洋,,5,5,TRUE
2024/7/1,,,1,,,,,1,,1,旅洋,,13,6,TRUE
2024/7/2,,,,,,,,,,,,,22,6,TRUE
2024/7/3,,,,,,,,,,,,,30,8,TRUE
2024/7/4,,,,,,,,,,,,,36,6,TRUE
2024/7/5,,,,,,,,,,,,,30,9,TRUE
2024/7/6,,,,,,,,,,,,,15,10,TRUE
2024/7/7,,,,,,,,,,,,,14,7,TRUE
2024/7/8,,,,,,,,,,,,,15,9,TRUE
2024/7/9,,,,,,,,,,,,,35,8,FALSE
2024/7/9,,,,,,,,,,,,,35,8,FALSE
2024/7/10,,,,,,,,,,,,,66,7,TRUE
2024/7/11,,,,,,,,,,,,,18,8,TRUE
2024/7/12,,,,,,,,,,,,,30,7,TRUE
2024/7/13,,,,,,,,,,,,,16,9,TRUE
2024/7/14,,,,,,,,,,,,,10,6,TRUE
2024/7/15,,,,,,,,,,,,,18,6,TRUE
2024/7/16,,,,,,,,,,,,,20,6,TRUE
2024/7/17,,,,,,,,,,,,,20,6,TRUE
2024/7/18,,,1,,1,,,,,1,旅洋,,17,9,TRUE
2024/7/19,,,1,,,,,1,,1,旅洋,2旅洋,22,7,TRUE
2024/7/20,,,1,,,,,1,,1,旅洋,2旅洋,22,8,TRUE
2024/7/21,,,1,,,,,1,,1,旅洋,2旅洋,12,7,TRUE
2024/7/22,,,1,,,,,1,,1,旅洋,2旅洋,18,8,TRUE
2024/7/23,,,1,,,,,1,,1,旅洋,2旅洋,22,9,TRUE
2024/7/24,,,,,,,,,,,,,0,3,TRUE
2024/7/25,,,,,,,,,,,,,0,0,TRUE
2024/7/26,,,,,,,,,,,,,0,4,TRUE
2024/7/27,,,,,,,,,,,,,0,9,TRUE
2024/7/28,,,,,,,,,,,,,18,14,TRUE
2024/7/29,,,,,,,,,,,,,14,9,TRUE
2024/7/30,,,,,,,,,,,,,25,10,TRUE
2024/8/1,,,,,,,,,,,,,17,11,TRUE
2024/8/2,,,,,,,,,,,,,18,13,TRUE
2024/8/3,,,,,,,,,,,,,36,12,FALSE
2024/8/4,,,,,,,,,,,,,9,9,TRUE
2024/8/5,,,,,,,,,,,,,12,9,TRUE
2024/8/6,,,,,,,,,,,,,36,8,TRUE
2024/8/7,,,,,,,,,,,,,27,8,TRUE
2024/8/8,,,,,,,,,,,,,18,9,TRUE
2024/8/9,,,,,,,,,,,,,28,10,TRUE
2024/8/10,,,,,,,,,,,,,8,8,TRUE
2024/8/11,,,,,,,,,,,,,9,9,TRUE
2024/8/12,,,,,,,,,,,,,15,11,TRUE
2024/8/13,,,,,,,,,,,,,27,12,TRUE
2024/8/14,,,,,,,,,,,,,6,11,TRUE
2024/8/15,,,,,,,,1,,1,旅洋,中俄,13,10,TRUE
2024/8/16,,,1,,,,,1,,1,旅洋,中俄,13,7,TRUE
2024/8/17,,,,,,,,,,,,,7,15,TRUE
2024/8/18,,,,,,,,,,,,,8,9,TRUE
2024/8/19,,,,,,,,,,,,,5,11,TRUE
2024/8/20,,,,,,,,,,,,,11,8,TRUE
2024/8/21,,,,,,,,,,,,,8,6,TRUE
2024/8/22,,,,,,,,,,,,,41,7,TRUE
2024/8/23,,,,,,,,,,,,,38,12,TRUE
2024/8/24,,,,,,,,,,,,,12,8,TRUE
2024/8/25,,,,,,,,1,,,旅洋,,12,6,TRUE
2024/8/26,,,,,,,,1,,,旅洋,,15,7,TRUE
2024/8/27,,,,,,,,,,,,,30,7,TRUE
2024/8/28,,,,,,,,,,,,,13,8,TRUE
2024/8/29,,,,,,,,,,,,,25,7,TRUE
2024/8/30,,,,,,,,,,,,,30,7,TRUE
2024/8/31,,,,,,,,,,,,,10,7,TRUE
2024/9/1,,,,,,,,,,,,,22,7,TRUE
2024/9/2,,,,,,,,,,,,,20,5,TRUE
2024/9/3,,,,,,,,,,,,,23,6,TRUE
2024/9/4,,,,,,,,,,,,,20,6,TRUE
2024/9/5,,,,,,,,,,,,,16,7,TRUE
2024/9/6,,,,,,,,1,,1,旅洋,2旅洋,13,4,TRUE
2024/9/7,,,1,,,,,1,,1,旅洋,2旅洋,25,7,TRUE
2024/9/8,,,1,,,,,,,,,,21,6,TRUE
2024/9/9,,,,,,,,,,,,,13,5,TRUE
2024/9/10,,,,,,,,,,,,,12,4,TRUE
2024/9/11,,,1,,,1,,,,1,旅洋,,15,5,FALSE
2024/9/12,,,,,,,,,,,,,12,4,TRUE
2024/9/13,,,,,,,,,,,,,11,3,TRUE
2024/9/14,,,1,,,1,,,1,,旅洋,,10,3,TRUE
2024/9/15,,,1,,,1,,,1,,旅洋,,13,5,TRUE
2024/9/16,,,,,,,,,,,,,10,6,TRUE
2024/9/17,,,,1,1,,,,,,,,12,6,TRUE
2024/9/18,,,,1,1,,,,,,,,30,8,TRUE
2024/9/19,,,,,,,,,,,,,9,5,TRUE
2024/9/20,,,,,,,,,,,,,13,6,TRUE
2024/9/21,,,,,,,,,,,,,12,4,TRUE
2024/9/22,,,,,,,,,,,,,5,4,TRUE
2024/9/23,,,,,,,,,,,,,13,6,TRUE
2024/9/24,,,,,,,,,,,,,16,5,TRUE
2024/9/25,,,,,,,,,,,,,11,3,TRUE
2024/9/26,,,,,,,,,,,,,11,5,TRUE
2024/9/27,,,,,,,,,,,,,16,4,TRUE
2024/9/28,,,,,,,,,,,,,11,4,TRUE
2024/9/29,,,,,,,,,,,,,9,3,TRUE
2024/9/30,,,,,,,,,,,,,12,3,TRUE
2024/10/1,,,,,,,,,,,,,9,9,TRUE
2024/10/2,,,,,,,,,,,,,4,7,TRUE
2024/10/3,,,,,,,,,,,,,10,9,TRUE
2024/10/4,,,,,,,,,,,,,4,6,TRUE
2024/10/5,,,,,,,,,,,,,7,5,FALSE
2024/10/6,,,,,,,,,,,,,5,7,TRUE
2024/10/7,,,,,,,,,,,,,3,8,TRUE
2024/10/8,,,,,,,,,,,,,0,7,TRUE
2024/10/9,,,,,,,,,,,,,6,6,FALSE
2024/10/10,,,,,,,,,,,,,4,9,TRUE
2024/10/11,,,,,,,,,,,,,24,10,TRUE
2024/10/12,,,,,,,,,1,,,,11,8,TRUE
2024/10/13,,,1,1,,1,,,1,,,,25,7,TRUE
2024/10/14,,,1,1,,1,,,1,,,,153,14,FALSE
2024/10/15,,,1,1,,1,,,,,,,14,12,FALSE
2024/10/16,,,,,,,,,,,,,22,5,TRUE
2024/10/17,,,,,,,,,,,,,20,8,TRUE
2024/10/18,,,,,,,,,,,,,19,6,TRUE
2024/10/19,,,,,,,,,,,,,10,6,TRUE
2024/10/20,,,,,,,,,,,,,6,7,TRUE
2024/10/21,,,,,,,,,,,,,14,12,TRUE
2024/10/22,,,,,,,,,,,,,15,6,TRUE
2024/10/23,,1,,,,,,,,,,,12,5,TRUE
2024/10/24,,1,,,,,,,,,,,4,4,TRUE
2024/10/25,,1,,,,,,,,,,,22,5,TRUE
2024/10/26,,1,,,,,,,,,,,8,7,TRUE
2024/10/27,,1,,,,,,,,,,,22,7,TRUE
2024/10/28,,1,,,,,,,,,,,6,9,TRUE
2024/10/29,,1,,,,,,,,,,,10,7,TRUE
2024/10/30,,1,,,,,,,,,,,8,0,TRUE
2024/10/31,,1,,,,,,,,,,,0,0,TRUE
2024/11/1,,,1,,,,,,,1,,南進,5,2,TRUE
2024/11/2,,,,,,,,,,,,,27,9,FALSE
2024/11/3,,1,,,,,,,,,,,44,7,TRUE
2024/11/4,,,,1,,1,,,1,,,,20,6,TRUE
2024/11/5,,,,,,,,,,,,,12,9,TRUE
2024/11/6,,,,,,,,,,,,,13,6,TRUE
2024/11/7,,,,,,,,,,,,,11,5,TRUE
2024/11/8,,,,,,,,,,,,,12,6,TRUE
2024/11/9,,,,,,,,,,,,,9,6,TRUE
2024/11/10,,,,,,,,,,,,,7,5,TRUE
2024/11/11,,,,,,,,,,,,,10,5,TRUE
2024/11/12,,,,,,,,,,,,,24,6,FALSE
2024/11/13,,1,,,,,,,,,,,15,10,TRUE
2024/11/14,,,,,,,,,,,,,8,10,TRUE
2024/11/15,,,,,,,,,,,,,3,3,TRUE
2024/11/16,,,,,,,,,,,,,0,5,TRUE
2024/11/17,,,,,,,,,,,,,6,6,TRUE
2024/11/18,,,,,,,,,,,,,9,5,TRUE
2024/11/19,,,,,,,,,,,,,9,5,TRUE
2024/11/20,,,,,,,,,,,,,5,5,TRUE
2024/11/21,,,,,,,,,,,,,1,6,TRUE
2024/11/22,,,,,,,,,,,,,7,6,TRUE
2024/11/23,,,,,,,,,,,,,5,7,TRUE
2024/11/24,,,,,,,,,,,,,4,5,TRUE
2024/11/25,,,,,,,,,,,,,1,5,TRUE
2024/11/26,,,,,,,,,,,,,3,5,TRUE
2024/11/27,,,1,,,1,,,,1,旅洋,,5,5,TRUE
2024/11/28,,,1,,,1,,,,1,江開,,1,3,TRUE
2024/11/29,,,,,,,,,,,,,18,7,TRUE
2024/11/30,1,,,,,,,,,,,,9,7,TRUE
2024/12/1,,,,,,,,,,,,,15,7,TRUE
2024/12/2,,,,,,,,,,,,,16,6,TRUE
2024/12/3,,,,,,,,,,,,,15,7,TRUE
2024/12/4,,,,,,,,,,,,,9,7,TRUE
2024/12/5,,,1,,,,1,,,,旅洋,,16,13,TRUE
2024/12/6,,1,,,,,,,,,,,15,8,TRUE
2024/12/7,,,1,,,,,,,1,旅洋,2旅洋,7,14,TRUE
2024/12/8,,,,,,,,,,,,,10,7,TRUE
2024/12/9,,,,,,,,,,,,,47,12,TRUE
2024/12/10,,,1,,,,,,1,,旅洋,2旅洋,53,11,TRUE
2024/12/11,,1,,,,,,,,,,,34,16,TRUE
2024/12/12,,,1,,,1,,,1,,旅洋,,12,14,TRUE
2024/12/13,,,,,,,,,,,,,17,5,TRUE
2024/12/14,,,,,,,,,,,,,4,6,TRUE
2024/12/15,,,1,,,,,,,1,旅洋,,5,6,TRUE
2024/12/16,,,,,,,,,,,,,10,7,TRUE
2024/12/17,,1,,,,,,,,,,,15,9,TRUE
2024/12/18,,,,,,,,,,,,,10,5,TRUE
2024/12/19,,,1,,,,1,,1,,旅洋,,12,5,TRUE
2024/12/20,,,1,,,,1,,1,,旅洋,,9,5,TRUE
2024/12/21,,,,,,,,,,,,,11,6,TRUE
2024/12/22,,,1,,,1,,,1,,江開,,2,7,TRUE
2024/12/23,,,,,,,,,,,,,8,5,TRUE
2024/12/24,,,,,,,,,,,,,3,6,TRUE
2024/12/25,,,,,,,,,,,,,0,5,TRUE
2024/12/26,,,,,,,,,,,,,5,5,TRUE
2024/12/27,,,,,,,,,,,,,7,5,TRUE
2024/12/28,,,,,,,,,,,,,5,5,TRUE
2024/12/29,,,,,,,,,,,,,23,6,TRUE
2024/12/30,,,,,,,,,,,,,5,6,TRUE
2024/12/31,,,,,,,,,,,,,2,7,TRUE
2025/1/1,,,,,,,,,,,,,3,7,TRUE
2025/1/2,,,1,,,1,,,,,現代,,24,7,FALSE
2025/1/3,,,,,,,,,,,,,5,7,TRUE
2025/1/4,,,,,,,,,,,,,5,6,TRUE
2025/1/5,,,,,,,,,,,,,7,7,TRUE
2025/1/6,,,,,,,,,,,,,15,8,TRUE
2025/1/7,,,,,,,,,,,,,25,9,TRUE
2025/1/8,,,,,,,,,,,,,11,9,TRUE
2025/1/9,,,,,,,,,,,,,4,6,TRUE
2025/1/10,,,,,,,,,,,,,8,5,TRUE
2025/1/11,,,,,,,,,,,,,8,6,TRUE
2025/1/11,,,,,,,,,,,,,3,7,TRUE
2025/1/12,,,,,,,,,,,,,9,6,TRUE
2025/1/12,,,,,,,,,,,,,6,6,TRUE
2025/1/13,,,,,,,,,,,,,10,4,TRUE
2025/1/13,,,,,,,,,,,,,7,7,TRUE
2025/1/14,,,,,,,,,,,,,24,6,TRUE
2025/1/14,,,,,,,,,,,,,12,6,TRUE
2025/1/15,,,,,,,,,,,,,10,6,TRUE
2025/1/15,,,,,,,,,,,,,14,6,TRUE
2025/1/16,,,,,,,,,,,,,13,7,TRUE
2025/1/16,,,,,,,,,,,,,11,6,TRUE
2025/1/17,,,,,,,,,,,,,17,6,TRUE
2025/1/17,,,,,,,,,,,,,8,5,TRUE
2025/1/18,,,,,,,,,,,,,10,7,TRUE
2025/1/18,,,,,,,,,,,,,9,6,TRUE
2025/1/19,,,,,,,,,,,,,4,6,TRUE
2025/1/19,,,,,,,,,,,,,11,5,TRUE
2025/1/20,,,,,,,,,,,,,9,6,TRUE
2025/1/20,,,,,,,,,,,,,8,6,TRUE
2025/1/21,,,,,,,,,,,,,14,5,TRUE
2025/1/22,,,,,,,,,,,,,35,6,TRUE
2025/1/23,,,,,,,,,,,,,10,7,TRUE
2025/1/24,,,,,,,,,,,,,28,8,TRUE
2025/1/25,,,,,,,,,,,,,6,7,TRUE
2025/1/26,,,,,,,,,,,,,4,5,TRUE
2025/1/27,,,,,,,,,,,,,6,7,TRUE
2025/1/27,,,,,,,,,,,,,7,6,TRUE
2025/1/28,,,,,,,,,,,,,6,5,TRUE
2025/1/29,,,,,,,,,,,,,6,5,TRUE
2025/1/30,,,,,,,,,,,,,7,5,TRUE
2025/1/31,,,,,,,,,,,,,1,6,TRUE
2025/2/1,,,,,,,,,,,,,8,5,TRUE
2025/2/2,,,,,,,,,,,,,21,7,TRUE
2025/2/4,,,,,,,,,,,,,11,6,TRUE
2025/2/5,,,,,,,,,,,,,12,7,TRUE
2025/2/6,,,,,,,,,,,,,27,6,TRUE
2025/2/7,,,,,,,,,,,,,9,6,TRUE
2025/2/8,,,,,,,,,,,,,11,8,TRUE
2025/2/9,,,,,,,,,,,,,14,6,TRUE
2025/2/10,,,1,,,1,,,,1,登陸,,5,6,TRUE
2025/2/11,,,1,,,1,,,,1,登陸,,32,8,TRUE
2025/2/12,,,,,,,,,,,,,30,7,TRUE
2025/2/13,,,,,,,,,,,,,6,8,TRUE
2025/2/14,,,,,,,,,,,,,5,6,TRUE
2025/2/15,,,,,,,,,,,,,19,8,TRUE
2025/2/16,,,,,,,,,,,,,4,8,TRUE
2025/2/17,,,,,,,,,,,,,41,9,TRUE
2025/2/18,,,,,,,,,,,,,8,9,TRUE
2025/2/19,,,,,,,,,,,,,36,7,
2025/2/20,,,,,,,,,,,,,36,8,
2025/2/21,,,,,,,,,,,,,28,7,
2025/2/22,,,,,,,,,,,,,8,7,
2025/2/23,,,,,,,,,,,,,11,6,
2025/2/24,,,,,,,,,,,,,5,10,
2025/2/25,,,,,,,,,,,,,12,14,TRUE
2025/2/26,,,,,,,,,,,,,11,14,TRUE
2025/2/27,,,,,,,,,,,,,45,14,FALSE
2025/2/28,,,,,,,,,,,,,8,8,TRUE
2025/3/1,,,,,,,,,,,,,17,8,TRUE
2025/3/2,,,,,,,,,,,,,11,6,TRUE
2025/3/3,,,,,,,,,,,,,10,6,TRUE
2025/3/4,,,,,,,,,,,,,19,5,TRUE
2025/3/5,,,,,,,,,,,,,5,7,TRUE
2025/3/6,,,,,,,,,,,,,0,6,TRUE
2025/3/7,,,,,,,,,,,,,5,6,TRUE
2025/3/8,,,,,,,,,,,,,2,6,TRUE
2025/3/9,,,,,,,,,,,,,9,7,TRUE
2025/3/10,,,,,,,,,,,,,11,9,TRUE
2025/3/11,,,,,,,,,,,,,13,7,TRUE
2025/3/12,,,,,,,,,,,,,11,7,TRUE
2025/3/13,,,,,,,,,,,,,20,7,TRUE
2025/3/14,,,,,,,,,,,,,12,7,TRUE
2025/3/15,,,,,,,,,,,,,3,9,TRUE
2025/3/16,,,1,,,1,,,,1,旅洋,,1,8,TRUE
2025/3/17,,,1,,1,,,,,,江開,,13,9,TRUE
2025/3/18,,,,,,,,,,,,,59,9,FALSE
2025/3/19,,,,,,,,,,,,,13,10,TRUE
2025/3/20,,,1,,,1,,,,,江開,,27,6,TRUE
2025/3/21,,,,,,,,,,,,,18,7,TRUE
2025/3/22,,,,,,,,,,,,,47,7,TRUE
2025/3/23,,,1,,,1,,,,1,旅洋,,13,8,TRUE
2025/3/24,,,,,,,,,,,,,9,8,TRUE
2025/3/25,,,,,,,,,,,,,21,6,TRUE
2025/3/26,,,,,,,,,,,,,27,6,TRUE
2025/3/27,,,,,,,,,,,,,20,7,TRUE
2025/3/28,,1,,,,,,,,,,,30,8,FALSE
2025/3/29,,,,,,,,,,,,,1,8,TRUE
2025/3/30,,,,,,,,,,,,,1,7,TRUE
2025/3/31,,,,,,,,,,,,,0,7,FALSE
2025/4/1,,,,,,,,,,,,,0,19,TRUE
2025/4/2,,,1,,1,,,,,1,旅洋,,76,15,FALSE
2025/4/3,,,,,,,,,,,,,59,23,FALSE
2025/4/4,,,,,,,,,,,,,16,9,FALSE
2025/4/5,,,,,,,,,,,,,12,6,FALSE
2025/4/6,,,,,,,,,,,,,7,7,TRUE
2025/4/7,,,,,,,,,,,,,4,8,TRUE
2025/4/8,,,,,,,,,,,,,16,5,TRUE
2025/4/9,,,1,,,,,1,,1,,,25,6,TRUE
2025/4/10,,,1,,,1,,,1,,旅洋,,11,6,TRUE
2025/4/11,,,,,,,,,,,,,2,6,TRUE
2025/4/12,,,,,,,,,,,,,34,7,TRUE
2025/4/13,,,,,,,,,,,,,0,6,TRUE
2025/4/14,,,,,,,,,,,,,6,7,TRUE
2025/4/15,,,,,,,,,,,,,10,7,TRUE
2025/4/16,,,,,,,,,,,,,17,8,TRUE
2025/4/17,,,,,,,,,,,,,34,6,TRUE
2025/4/18,,,1,,,,,1,1,,,,11,6,TRUE
2025/4/19,,,,,,,,,,,,,14,5,TRUE
2025/4/20,,,,,,,,,,,,,0,6,TRUE
2025/4/21,,,,,,,,,,,,,7,6,TRUE
2025/4/22,,,,,,,,,,,,,11,6,TRUE
2025/4/23,,,,1,,1,,,,,,,29,6,TRUE
2025/4/24,,,,,,,,,,,,,19,7,TRUE
2025/4/25,,1,,,,,,,,,,,9,7,TRUE
2025/4/26,,,,,,,,,,,,,0,8,TRUE
2025/4/27,,,,,,,,,,,,,5,14,FALSE
2025/4/28,,,,,,,,,,,,,29,10,FALSE
2025/4/29,,,,,,,,,,,,,27,9,TRUE
2025/4/30,,,,,,,,,,,,,20,8,TRUE
2025/5/1,,,1,,,1,,,,1,旅洋,,34,8,TRUE
2025/5/2,,,,,,,,,,,,,5,7,TRUE
2025/5/3,,,,,,,,,,,,,7,7,TRUE
2025/5/4,,,,,,,,,,,,,8,7,TRUE
2025/5/5,,,,,,,,,,,,,6,8,TRUE
2025/5/6,,,,,,,,,,,,,16,12,TRUE
2025/5/7,,,,,,,,,,,,,9,9,TRUE
2025/5/8,,,,,,,,,,,,,5,8,TRUE
2025/5/9,,1,,,,,,,,,,,14,8,TRUE
2025/5/10,,,,,,,,,,,,,7,8,TRUE
2025/5/11,,,,,,,,,,,,,5,9,FALSE
2025/5/12,,,,,,,,,,,,,36,8,FALSE
2025/5/13,,,,,,,,,,,,,31,7,FALSE
2025/5/14,,,,,,,,,,,,,35,8,TRUE
2025/5/15,,,,,,,,,,,,,29,9,TRUE
2025/5/16,,,1,,,1,,,,1,登陸艦,4艘,21,6,TRUE
2025/5/17,,,,,,,,,,,,,0,0,TRUE
2025/5/18,,,,,,,,,,,,,16,6,FALSE
2025/5/19,,,,,,,,,,,,,0,0,TRUE
2025/5/20,,,,,,,,,,,,,6,8,TRUE
2025/5/21,,,,,,,,,,,,,15,8,TRUE
2025/5/22,,,,,,,,,,,,,23,8,TRUE
2025/5/23,,,,,,,,,,,,,20,7,TRUE
2025/5/24,,,,,,,,,,,,,8,13,TRUE
2025/5/25,,,,,,,,,,,,,1,7,TRUE
2025/5/26,,,,1,,1,,,,1,,,4,8,TRUE
2025/5/27,,,,,,,,,,,,,34,9,FALSE
2025/5/28,,,,,,,,,,,,,31,9,FALSE
2025/5/29,,,,,,,,,,,,,0,8,TRUE
2025/5/30,,,,,,,,,,,,,16,8,TRUE
2025/5/31,,,,,,,,,,,,,12,8,TRUE
2025/6/1,,,,,,,,,,,,,5,7,TRUE
2025/6/2,,,,,,,,,,,,,6,6,TRUE
2025/6/3,,,,,,,,,,,,,3,10,TRUE
2025/6/4,,,,,,,,,,,,,2,12,TRUE
2025/6/5,,,,,,,,,,,,,24,8,TRUE
2025/6/6,,,,,,,,,,,,,38,7,FALSE
2025/6/7,,,,,,,,,,,,,34,8,TRUE
2025/6/8,,,,,,,,,,,,,11,7,TRUE
2025/6/9,,,,,,,,,,,,,7,8,TRUE
2025/6/10,,,,,,,,,,,,,14,6,TRUE
2025/6/11,,,,,,,,,,,,,43,6,TRUE
2025/6/12,,,,,,,,,,,,,10,7,TRUE
2025/6/13,,,,,,,,,,,,,15,7,TRUE
2025/6/14,,,,,,,,,,,,,0,8,TRUE
2025/6/15,,,,,,,,,,,,,0,6,TRUE
2025/6/16,,,,,,,,,,,,,0,6,TRUE
2025/6/17,,,,,,,,,,,,,17,6,TRUE
2025/6/18,,,,,,,,,,,,,7,6,TRUE
2025/6/19,,,,,,,,,,,,,25,7,FALSE
2025/6/20,,,,1,1,1,,,1,,,,50,6,FALSE
2025/6/21,,,,,,,,,,,,,40,6,TRUE
2025/6/22,,,,,,,,,,,,,12,6,TRUE
2025/6/23,,,,,,,,,,,,,5,9,TRUE
2025/6/24,,,,,,,,,,,,,12,7,TRUE
2025/6/25,,,,,,,,,,,,,37,6,TRUE
2025/6/26,,,,,,,,,,,,,33,5,TRUE
2025/6/27,,,,,,,,,,,,,29,6,TRUE
2025/6/28,,,,,,,,,,,,,4,6,TRUE
2025/6/29,,,,,,,,,,,,,8,7,TRUE
2025/6/30,,,,,,,,,,,,,6,6,TRUE
2025/7/1,,,,,,,,,,,,,7,9,TRUE
2025/7/2,1,,1,,1,,,,,1,江開,,53,8,FALSE
2025/7/3,,,,,,,,,,,,,41,9,FALSE
2025/7/4,,,,,,,,,,,,,41,8,FALSE
2025/7/5,,,,,,,,,,,,,18,11,TRUE
2025/7/6,,,1,,,1,,,1,,江開,,0,9,TRUE
2025/7/7,,,,,,,,,,,,,0,6,TRUE
2025/7/8,,,,,,,,,,,,,0,0,TRUE
2025/7/9,,,,,,,,,,,,,31,7,TRUE
2025/7/10,,,,,,,,,,,,,12,7,TRUE
2025/7/11,,,,,,,,,,,,,0,9,TRUE
2025/7/12,,1,,,,,,,,,,,14,9,TRUE
2025/7/13,,,,,,,,,,,,,11,7,TRUE
2025/7/14,,,,,,,,,,,,,17,8,TRUE
2025/7/15,1,,,,,,,,,,,,26,7,TRUE
2025/7/16,,,,,,,,,,,,,18,7,TRUE
2025/7/17,,,,,,,,,,,,,58,9,TRUE
2025/7/18,,,,,,,,,,,,,11,10,TRUE
2025/7/19,,,,,,,,,,,,,18,8,TRUE
2025/7/20,,,,,,,,,,,,,0,4,TRUE
2025/7/21,,,,,,,,,,,,,1,5,TRUE
2025/7/22,,,,,,,,,,,,,0,8,TRUE
2025/7/23,,,,,,,,,,,,,4,8,TRUE
2025/7/24,,,1,,,1,,1,,1,旅洋,2旅洋,48,9,FALSE
2025/7/25,,,,,,,,,,,,,26,7,TRUE
2025/7/26,,,,,,,,,,,,,17,7,TRUE
2025/7/27,,,,,,,,,,,,,4,10,
2025/7/28,,,,,,,,,,,,,4,10,
2025/7/29,,,,,,,,,,,,,3,6,
2025/7/30,,,,,,,,,,,,,11,6,
2025/7/31,,,,,,,,,,,,,37,7,
2025/8/1,,,,,,,,,,,,,20,7,
2025/8/2,,,1,,,1,,,,1,旅洋,2,11,7,
2025/8/3,,,,,,,,,,,,,5,7,
2025/8/4,,,,,,,,,,,,,5,6,
2025/8/5,,,,,,,,,,,,,12,5,
2025/8/6,,,,,,,,,,,,,16,6,
2025/8/7,,,1,,,1,,1,,1,旅洋,2旅洋,15,7,
2025/8/8,,,1,,,1,,1,,1,旅洋,2旅洋,57,6,
2025/8/9,,,,,,,,,,,,,54,6,
2025/8/10,,,1,,,1,,,1,,旅洋,2,8,9,
2025/8/11,,,,,,,,,,,,,12,9,
2025/8/12,,,,,,,,,,,,,14,5,
2025/8/13,,,,,,,,,,,,,14,6,
2025/8/14,,,,,,,,,,,,,8,2,
2025/8/15,,,,,,,,,,,,,7,7,
2025/8/16,,,,,,,,,,,,,21,7,
2025/8/17,,,,,,,,,,,,,6,5,
2025/8/18,,,,,,,,,,,,,6,5,
2025/8/19,,,,,,,,,,,,,10,6,
2025/8/20,,,,,,,,,,,,,21,7,
2025/8/21,,,,,,,,,,,,,22,5,
2025/8/22,,,,,,,,,,,,,22,5,
2025/8/23,,,,,,,,,,,,,22,5,
2025/8/24,,,,,,,,,,,,,4,5,
2025/8/25,,,,,,,,,,,,,9,6,
2025/8/26,,,,,,,,,,,,,6,7,
2025/8/27,,,,,,,,,,,,,23,7,
2025/8/28,,,,,,,,,,,,,41,7,
2025/8/29,,,,,,,,,,,,,19,7,
2025/8/30,,,,,,,,,,,,,15,6,
2025/8/31,,,,,,,,,,,,,5,6,
2025/9/1,,,,,,,,,,,,,8,6,
2025/9/2,,,,,,,,,,,,,10,5,
2025/9/3,,,,,,,,,,,,,9,5,
2025/9/4,,,,,,,,,,,,,6,5,
2025/9/5,,1,,,,,,,,,,,17,9,
2025/9/6,,,,,,,,,,,,,28,6,
2025/9/7,,,,,,,,,,,,,21,6,
2025/9/8,,,,,,,,,,,,,27,7,
2025/9/9,,,,,,,,,,,,,3,6,
2025/9/10,,,,,,,,,,,,,13,6,
2025/9/11,,,,,,,,,,,,,14,5,
2025/9/12,,1,,,,,,,,,,,22,10,
2025/9/13,,,1,,,1,,,,1,旅洋,2旅洋,31,13,
2025/9/14,,1,,,,,,,,,,,27,14,
2025/9/15,,,,,,,,,,,,,26,9,
2025/9/16,,,1,,,1,,,1,,旅洋,2旅洋,24,11,
2025/9/17,,,1,,,,,1,,1,旅洋+補,,31,14,
2025/9/18,,,,,,,,,,,,,7,6,
2025/9/19,,,,,,,,,,,,,13,6,
2025/9/20,,,,,,,,,,,,,5,5,
2025/9/21,,,,,,,,,,,,,2,6,
2025/9/22,,,,,,,,,,,,,3,4,
2025/9/23,,,,,,,,,,,,,15,1,
2025/9/24,,,,,,,,,,,,,0,1,
2025/9/25,,,,,,,,,,,,,0,5,
2025/9/26,,,,,,,,,,,,,11,7,
2025/9/27,,1,,,,,,,,,,,19,7,
2025/9/28,,,,,,,,,,,,,6,7,
2025/9/29,,,,,,,,,,,,,8,8,
2025/9/30,,,,,,,,,,,,,33,8,
2025/10/1,,,,,,,,,,,,,12,8,
2025/10/2,,1,,,,,,,,,,,11,8,
2025/10/3,,,,,,,,,,,,,6,7,
2025/10/4,,,,,,,,,,,,,10,7,
2025/10/5,,,1,,1,,,,1,,中俄+補,,9,6,
2025/10/6,,,,,,,,,,,,,10,6,
2025/10/7,,,,,,,,,,,,,3,7,
2025/10/8,,,,,,,,,,,,,26,7,
2025/10/9,,,,,,,,,,,,,9,7,
2025/10/10,,,1,,,1,,,1,,旅洋+補,,8,9,
2025/10/11,,,,,,,,,,,,,7,8,
2025/10/12,,,,,,,,,,,,,16,8,
2025/10/13,,,1,,,,1,,,1,旅洋+補,,13,6,
2025/10/14,,,,,,,,,,,,,12,6,
2025/10/15,,,,,,,,,,,,,16,13,
2025/10/16,,,,,,,,,,,,,23,8,
2025/10/17,,,1,,,,1,,1,,旅洋,2旅洋,18,9,
2025/10/18,,,1,,,,1,,,1,旅洋,,27,8,
2025/10/19,,,1,,,,1,,,1,旅洋,,2,6,
2025/10/20,,,,,,,,,,,,,3,5,
2025/10/21,,,,,,,,,,,,,2,5,
2025/10/22,,,,,,,,,,,,,2,4,
2025/10/23,,,,,,,,,,,,,3,4,
2025/10/24,,,,,,,,,,,,,11,4,
2025/10/25,,,,,,,,,,,,,9,4,
2025/10/26,,,,,,,,,,,,,8,7,
2025/10/27,,,1,,,,1,1,,,江開,東進,4,7,
2025/10/28,,,,,,,,,,,,,10,5,
2025/10/29,,,,,,,,,,,,,25,5,
2025/10/30,,,,,,,,,,,,,5,5,
2025/10/31,,,1,,,,1,,1,,旅洋,,5,6,
2025/11/1,,,,,,,,,,,,,5,8,
2025/11/2,,,,,,,,,,,,,6,8,
2025/11/3,,,,,,,,,,,,,6,5,
2025/11/4,,,,,,,,,,,,,2,5,
2025/11/5,,,,,,,,,,,,,2,7,
2025/11/6,,,,,,,,,,,,,12,10,
2025/11/7,,,,,,,,,,,,,38,9,
2025/11/8,,,,,,,,,,,,,18,7,
2025/11/9,,,,,,,,,,,,,10,10,
2025/11/10,,,,,,,,,,,,,6,7,
2025/11/11,,,1,,,,1,,,1,旅洋,,8,3,
2025/11/12,,,,,,,,,,,,,0,0,
2025/11/13,,,,,,,,,,,,,0,0,
2025/11/14,,,,,,,,,,,,,21,3,
2025/11/15,,,,,,,,,,,,,20,6,
2025/11/16,,1,,,,,,,,,,,30,7,
2025/11/17,,,,,,,,,,,,,8,8,
2025/11/18,,1,,,,,,,,,,,13,7,
2025/11/19,,,,,,,,,,,,,9,4,
2025/11/20,,,,,,,,,,,,,16,6,
2025/11/21,,,,,,,,,,,,,29,7,
2025/11/22,,,,,,,,,,,,,18,7,
2025/11/23,,,,,,,,,,,,,8,6,
2025/11/24,,,,,,,,,,,,,11,5,
2025/11/25,,,,,,,,,,,,,20,5,
2025/11/26,,,,,,,,,,,,,17,6,
2025/11/27,,,,,,,,,,,,,4,7,
2025/11/28,,,,,,,,,,,,,26,8,
2025/11/29,,,,,,,,,,,,,27,11,
2025/11/30,,,,,,,,,,,,,9,11,
2025/12/1,,,,,,,,,,,,,9,8,
2025/12/2,,,,,,,,,,,,,10,6,
2025/12/3,,,,,,,,,,,,,8,5,
2025/12/4,,,,,,,,,,,,,14,5,
2025/12/5,,,,1,,1,,,,,,,29,6,
2025/12/6,,,,,,,,,,,,,2,7,
2025/12/7,,,,,,,,,,,,,4,7,
2025/12/8,,,1,,,1,1,,,1,江開,,8,6,
2025/12/9,,,,,,,,,,,,,7,6,
2025/12/10,,,1,,,1,1,,1,,江開,,15,6,
2025/12/11,,1,,1,,1,,,,,,,33,7,
2025/12/12,,,,,,,,,,,,,9,7,
2025/12/13,,,,,,,,,,,,,2,7,
2025/12/14,,,,,,,,,,,,,3,8,
2025/12/15,,,,,,,,,,,,,13,7,
2025/12/16,,,,,,,,,,,,,9,7,
2025/12/17,,,,,,,,,,,,,40,8,
2025/12/18,,,,,,,,,,,,,7,11,
2025/12/19,,,,,,,,,,,,,6,11,
2025/12/20,,,,,,,,,,,,,7,7,
2025/12/21,,,,,,,,,,,,,4,6,
2025/12/22,,,,,,,,,,,,,6,6,
2025/12/23,,,,,,,,,,,,,5,8,
2025/12/24,,,,,,,,,,,,,6,8,
2025/12/25,,,,,,,,,,,,,2,6,
2025/12/26,,,,,,,,,,,,,13,7,
2025/12/27,,,,,,,,,,,,,3,7,
2025/12/28,,,,,,,,,,,,,2,9,
2025/12/29,,,,,,,,,,,,,130,14,
2025/12/30,,,,,,,,,,,,,77,17,
2025/12/31,,,,,,,,,,,,,3,17,
2026/1/1,,,,,,,,,,,,,0,6,
